county_geoid,hc_share,n_orig
"",0.0819378877651637,114599
19041,0.203389830508475,1003
27061,0.231032515687393,3506
18151,0.190213645761544,2902
19043,0.264090177133655,621
27063,0.242616033755274,474
18153,0.325377883850438,1257
19045,0.334262809341234,2869
27065,0.286803519061584,1705
18155,0.240549828178694,582
19047,0.311608961303462,491
18157,0.122787071625792,12314
27067,0.220905628438426,2363
19049,0.132801256051289,7643
27069,0.328638497652582,213
18159,0.22809364548495,1495
13301,0.422459893048128,187
31121,0.358381502890173,346
40031,0.232292024259069,8739
32013,0.181818181818182,836
13303,0.42756183745583,566
31123,0.315151515151515,165
40033,0.326271186440678,236
32015,0.244604316546763,139
31125,0.297872340425532,94
40035,0.395730706075534,609
13305,0.211309523809524,1344
32017,0.294117647058824,170
31127,0.270627062706271,303
40037,0.354985618408437,4172
32019,0.215587044534413,7904
51720,0.386206896551724,145
13309,0.410714285714286,56
40039,0.231818181818182,1100
31129,0.277777777777778,162
19051,0.24187725631769,277
27071,0.288640595903166,537
18161,0.215106732348112,609
19053,0.300970873786408,309
18163,0.201089148850343,14874
27073,0.284697508896797,281
19055,0.193548387096774,1147
18165,0.277533039647577,1135
27075,0.219178082191781,803
19057,0.312446351931331,2330
27077,0.189320388349515,206
18167,0.260046668395126,7714
19059,0.164626682986536,1634
27079,0.213313161875946,2644
18169,0.290636042402827,2264
24001,0.27699632114261,4621
32021,0.162337662337662,154
31131,0.218721037998146,1079
24003,0.172902381110889,90126
13311,0.243430152143845,2169
40041,0.292383292383292,2035
32023,0.25836378971043,3557
40043,0.430555555555556,72
31133,0.359375,64
13313,0.208579242838635,6947
24005,0.246383189394356,109074
40045,0.5,76
13315,0.370967741935484,124
31135,0.422764227642276,123
32027,0.26890756302521,119
13317,0.292857142857143,280
31137,0.225538971807629,603
24009,0.188164812324245,16358
40047,0.237632508833922,3396
32029,0.198098256735341,631
51730,0.460169834209462,2473
13319,0.4,315
31139,0.270462633451957,281
40049,0.423108218063466,1229
51735,0.113652113652114,1443
19061,0.131067961165049,8240
27081,0.211822660098522,203
18171,0.206677265500795,629
19063,0.220873786407767,412
18173,0.139799110818376,6073
27083,0.172043010752688,1488
19065,0.286516853932584,890
18175,0.232971372161895,2026
27085,0.204034729315628,3916
19067,0.423076923076923,494
27087,0.324503311258278,151
18177,0.254233988709363,5137
19069,0.35,360
18179,0.199499165275459,2396
27089,0.307522123893805,452
24011,0.26728882507777,4179
32031,0.157585300078726,59701
13321,0.309333333333333,750
31141,0.186081694402421,1322
40051,0.31445523193096,3708
24013,0.147324807776583,25101
32033,0.249158249158249,594
24015,0.203949351823937,13268
31143,0.311320754716981,212
40053,0.30188679245283,106
31145,0.228985507246377,345
24017,0.25755025856002,32681
40055,0.516431924882629,213
31147,0.295275590551181,254
24019,0.294790343074968,3148
51740,0.32283403328667,12858
40059,0.288888888888889,90
19071,0.309210526315789,456
27091,0.288942695722357,1239
18181,0.229007633587786,1834
19073,0.493920972644377,658
18183,0.178205900060205,3322
27093,0.22838650023116,2163
19075,0.195143104943625,1153
27095,0.299875699192045,3218
19077,0.320719016083255,1057
27097,0.249426166794185,2614
19079,0.333710407239819,884
27099,0.246408494690818,3202
16001,0.135711714442697,52781
24021,0.165075635188721,40854
16003,0.188679245283019,318
24023,0.25,2040
31151,0.259833134684148,839
40061,0.417582417582418,364
16005,0.16619170984456,7720
40063,0.473551637279597,397
31153,0.137390445623997,16202
24025,0.189914245488289,39065
16007,0.304824561403509,456
31155,0.211515863689777,1702
24027,0.130058010456206,41889
40065,0.256910569105691,1230
16009,0.212058212058212,481
40067,0.445255474452555,137
31157,0.286602600339175,1769
24029,0.243888888888889,1800
51750,0.131609870740306,851
31159,0.184844192634561,1412
40069,0.418224299065421,428
19081,0.232732732732733,666
19083,0.312283737024221,1156
19085,0.280978689818469,1267
19087,0.308243727598566,837
19089,0.28698224852071,338
16011,0.25359477124183,3060
24031,0.145133201882529,138962
16013,0.0908045977011494,2610
31161,0.238709677419355,155
24033,0.342900003947732,177317
40071,0.305257784583971,1959
16015,0.164719626168224,856
31163,0.308823529411765,68
40073,0.290243902439024,820
24035,0.157293713163065,8144
16017,0.149501661129568,3913
24037,0.173313605487928,14869
40075,0.549645390070922,282
16019,0.166682893583877,10271
31167,0.315789473684211,266
24039,0.3642081189251,1749
40077,0.382882882882883,222
51760,0.278944315545244,17240
31169,0.277777777777778,126
40079,0.464136780650542,2398
19091,0.275862068965517,580
19093,0.41042345276873,307
19095,0.212920837124659,1099
19097,0.247302904564315,1205
19099,0.241164241164241,2886
08001,0.204071138535738,56397
16021,0.173006134969325,815
24041,0.131443298969072,4656
08003,0.3168,625
16023,0.2625,160
40081,0.366702937976061,1838
08005,0.163412412372767,75747
24043,0.207535949832414,18498
16025,0.195121951219512,123
31173,0.316831683168317,101
24045,0.251116071428571,9856
40083,0.257936507936508,2772
48201,0.307220231475761,291348
08007,0.184647302904564,1446
16027,0.228292508172496,22331
08009,0.318181818181818,88
31175,0.255474452554745,137
24047,0.181158224715394,6061
40085,0.353276353276353,351
48203,0.271592442645074,2964
16029,0.257907542579075,411
31177,0.187823090178059,1741
40087,0.260335917312661,3096
48205,0.147959183673469,196
51770,0.26601148409894,9056
40089,0.359867330016584,603
31179,0.2375,320
48207,0.676190476190476,105
48209,0.148226018396846,11415
51775,0.167354424575883,2181
08011,0.363636363636364,165
16031,0.256658595641647,826
08013,0.0714326862146437,34718
08014,0.0895081546166688,7787
40091,0.353016688061617,779
31181,0.302325581395349,86
08015,0.135225375626043,1198
16035,0.195804195804196,429
08017,0.205882352941176,68
40093,0.38255033557047,149
48211,0.294117647058824,85
16037,0.196,250
08019,0.152878888153541,1511
31185,0.20440251572327,636
40095,0.358843537414966,588
48213,0.291542826263172,3701
16039,0.13738649822345,2533
48215,0.443760247768264,27445
40097,0.356881214024071,1911
40099,0.334763948497854,699
48217,0.325,1360
48219,0.302660753880266,902
08021,0.341968911917098,193
16041,0.228476821192053,906
08023,0.362745098039216,102
16043,0.254926108374384,812
08025,0.429530201342282,149
16045,0.208498583569405,1765
08027,0.128415300546448,366
29510,0.341552347649362,33459
48221,0.22463768115942,3312
16047,0.220945083014049,783
08029,0.186904761904762,2520
48223,0.284955752212389,1130
16049,0.140883977900553,724
48225,0.348571428571429,525
51790,0.217869718309859,2272
48227,0.359400998336107,1202
20103,0.214063310845874,7708
20105,0.34,50
20107,0.283765347885403,733
20109,0.229885057471264,87
08031,0.17446963170364,74288
16051,0.195731153496821,2202
08033,0.161290322580645,124
16053,0.233838786911413,1253
08035,0.094794425221812,51733
16055,0.164535475840217,17674
48231,0.283162125949084,4478
08037,0.0959511077158136,6545
16057,0.0886939571150097,2052
08039,0.148951911220715,4055
48233,0.212637913741224,997
16059,0.135652173913044,575
48235,0.370967741935484,62
21001,0.30381679389313,655
48237,0.403100775193798,129
20111,0.256787330316742,1768
21003,0.287948482060718,1087
48239,0.297169811320755,424
20113,0.204400283889283,1409
21005,0.219903691813804,1869
20115,0.255597014925373,536
21007,0.2508038585209,311
20117,0.280334728033473,239
21009,0.263045032165833,1399
20119,0.166666666666667,150
08041,0.149862476442724,78532
16061,0.156363636363636,275
08043,0.236848544164424,4087
16063,0.29874213836478,318
08045,0.161344029060088,6607
16065,0.148379052369077,1604
08047,0.155857740585774,956
48241,0.363475177304965,1128
16067,0.322627737226277,685
08049,0.110741971207087,1806
48243,0.131147540983607,61
16069,0.173032974208293,3063
48245,0.26233900942173,11569
48247,0.611111111111111,54
12101,0.264462300087907,64841
21011,0.30749354005168,387
20121,0.213517665130568,3906
21013,0.372905027932961,716
12103,0.239325144242976,114217
48249,0.460257380772142,1321
20123,0.241830065359477,153
12105,0.320492348636061,60120
21015,0.141164856860809,14182
20125,0.276158940397351,1510
21017,0.245546088303641,1291
12107,0.335416074978699,3521
20127,0.327014218009479,211
21019,0.239674229203025,3438
12109,0.126396783049144,25863
20129,0.205357142857143,112
08051,0.0969162995594714,1589
16071,0.296577946768061,263
08053,0.0967741935483871,62
16073,0.247422680412371,582
08055,0.253263707571802,383
16075,0.236904200094384,2119
08057,0.102272727272727,88
48251,0.26699362432565,10195
16077,0.301703163017032,411
08059,0.123999110320285,71936
48253,0.461077844311377,501
16079,0.243879472693032,1062
48255,0.318681318681319,182
13001,0.300387596899225,516
48257,0.269792025738251,8703
12111,0.306959030062649,44374
21021,0.199252801992528,1606
13003,0.509615384615385,104
20131,0.38592750533049,469
21023,0.236786469344609,473
48259,0.131313131313131,2772
12113,0.164212973212309,18068
13005,0.21160409556314,293
20133,0.369465648854962,655
21025,0.420634920634921,126
12115,0.190683098456155,52013
20135,0.441176470588235,68
12117,0.208238577630763,58044
21027,0.294294294294294,666
20137,0.230769230769231,65
13009,0.297430830039526,2024
21029,0.219798657718121,7748
12119,0.127934272300469,5964
20139,0.325464949928469,1398
16081,0.142335766423358,822
08063,0.229508196721311,366
16083,0.213111760409058,5476
08065,0.227987421383648,636
16085,0.134421134421134,1287
08067,0.0956759929563686,5111
16087,0.219195849546044,771
08069,0.106879268561357,36312
48265,0.207912797739201,2477
13011,0.277822908204712,1231
48267,0.371794871794872,78
21031,0.320987654320988,405
12121,0.339402767662054,1373
20141,0.209302325581395,86
13013,0.248796498905908,9140
21033,0.347912524850895,503
12123,0.33843797856049,653
20143,0.257575757575758,264
13015,0.217043266795015,9869
12125,0.324929971988796,357
21035,0.119120654396728,1956
54101,0.346153846153846,286
13017,0.386648122392211,719
20145,0.258373205741627,209
12127,0.280731802257688,64225
54103,0.214402618657938,611
21037,0.157388316151203,8730
20147,0.26027397260274,73
13019,0.331877729257642,916
21039,0.196428571428571,56
54105,0.25,236
12129,0.23668869024485,2573
20149,0.152005629838142,1421
54107,0.164032606887373,6011
54109,0.470588235294118,425
08071,0.30893300248139,806
08073,0.286764705882353,272
08075,0.221570066030814,1363
48271,0.246913580246914,81
08077,0.167317775264727,19454
08079,0.133333333333333,60
48273,0.345980126467931,1107
48275,0.756756756756757,74
05001,0.36241610738255,745
13021,0.314540622627183,10536
12131,0.179248723559446,5484
05003,0.387211367673179,563
21041,0.309751434034417,523
48277,0.32512315270936,1218
13023,0.267441860465116,344
20151,0.333333333333333,426
21043,0.302387267904509,754
12133,0.255517826825127,1178
05005,0.208572522005358,2613
48279,0.510752688172043,372
13025,0.305851063829787,376
55001,0.296005706134094,1402
05007,0.154046997389034,24895
21045,0.315649867374005,377
13027,0.402898550724638,690
55003,0.311764705882353,850
20155,0.265858690046416,3878
05009,0.345310136157337,2644
21047,0.182376043200785,4074
20157,0.388429752066116,121
13029,0.123809523809524,3780
55005,0.231643924626381,3078
21049,0.19862370972787,3197
20159,0.418181818181818,275
55007,0.267509727626459,1028
55009,0.13587818547108,28371
08081,0.184,1250
08083,0.191489361702128,1645
08085,0.165836101882614,3612
48281,0.192229038854806,1467
08087,0.29683698296837,2055
48283,0.548387096774194,62
08089,0.366487455197133,1116
05011,0.348623853211009,218
48285,0.267813267813268,407
13031,0.178637770897833,3230
05013,0.540540540540541,111
21051,0.401639344262295,366
48287,0.352941176470588,459
20161,0.109517144856543,2858
13033,0.369088811995386,867
21053,0.307692307692308,182
05015,0.245428973277075,1422
48289,0.327510917030568,458
55011,0.225108225108225,693
46101,0.205128205128205,351
13035,0.266502463054187,2030
20163,0.244897959183673,147
05017,0.319047619047619,210
21055,0.364457831325301,332
13037,0.578512396694215,121
20165,0.453237410071943,139
55013,0.225418060200669,1495
46103,0.145884180164189,9014
21057,0.285714285714286,126
05019,0.248883928571429,896
46105,0.137931034482759,87
13039,0.178558493299529,5522
20167,0.235507246376812,276
55015,0.138975582889664,5447
21059,0.178336980306346,7312
46107,0.228571428571429,70
55017,0.224303632513439,6139
20169,0.183850931677019,3220
46109,0.196551724137931,290
55019,0.215048975957257,2246
08091,0.0907258064516129,496
08093,0.188246385920805,3182
08095,0.171641791044776,268
08097,0.0432534085566526,2127
48291,0.391155002146844,2329
08099,0.304054054054054,444
48293,0.408119658119658,468
05021,0.438474870017331,577
05023,0.203460207612457,1445
48297,0.35202492211838,321
21061,0.298578199052133,633
13043,0.285211267605634,284
20171,0.396039603960396,101
05025,0.366666666666667,300
21063,0.233766233766234,77
47001,0.249225473321859,5810
48299,0.168600154679041,1293
46111,0.358490566037736,53
20173,0.202125649504015,42340
55021,0.192852644836272,6352
13045,0.266833379642493,10797
47003,0.302574389836175,2991
05027,0.308908045977012,696
21065,0.368421052631579,665
20175,0.179666958808063,1141
13047,0.258689839572193,5984
55023,0.259833134684148,839
47005,0.307692307692308,754
21067,0.145997043491792,25706
05029,0.279120879120879,910
46115,0.215469613259669,181
20177,0.1854403639909,15385
55025,0.0948018586377545,52942
13049,0.350993377483444,302
47007,0.550473186119874,634
21069,0.269230769230769,442
20179,0.224137931034483,58
46117,0.15625,160
55027,0.215673740731271,7822
47009,0.226188388002105,11402
46119,0.169230769230769,65
55029,0.158505154639175,2328
05031,0.227000460758716,6511
13051,0.207133648474431,23270
05033,0.296042989741085,4094
21071,0.350044762757386,1117
20181,0.393617021276596,188
13053,0.34453781512605,119
05035,0.261679079214624,2954
47011,0.314985123072762,7394
38101,0.141865844255975,3891
21073,0.225563909774436,3059
55031,0.248898678414097,3632
13055,0.387694588584136,1349
38103,0.31858407079646,113
21075,0.388235294117647,170
05037,0.307884856070088,799
47013,0.366391184573003,2541
20185,0.378947368421053,95
55033,0.191605254726049,3121
46123,0.181208053691275,149
13057,0.152590489709013,30998
47015,0.270975056689342,882
05039,0.648809523809524,336
38105,0.19205298013245,906
21077,0.269709543568465,482
46125,0.2816,625
55035,0.161348721430188,8838
13059,0.179259670040205,7213
21079,0.250554323725055,1353
47017,0.370879120879121,1456
55037,0.264705882352941,204
46127,0.134208606856309,1371
20189,0.149377593360996,241
47019,0.2798751950078,3205
46129,0.179916317991632,239
55039,0.176108129596502,10062
05041,0.34493670886076,316
13061,0.461538461538462,52
05043,0.278260869565217,460
21081,0.248161764705882,2176
20191,0.310046189376443,1732
13063,0.360726388684249,27148
39001,0.289972899728997,1107
47021,0.22068785825951,3838
29201,0.31496062992126,2286
21083,0.211076923076923,1625
05045,0.16443390634262,8435
20193,0.17283950617284,324
13065,0.55256064690027,371
39003,0.261871670141302,8634
55041,0.233716475095785,783
29203,0.317365269461078,167
47023,0.311133200795229,1006
05047,0.387061403508772,912
21085,0.272589217919514,1317
20195,0.303571428571429,56
13067,0.169923656791665,83308
39005,0.200144682903304,4147
55043,0.191639072847682,2416
05049,0.304526748971193,243
29205,0.359375,128
47025,0.376013904982619,1726
21087,0.353356890459364,566
13069,0.336024844720497,1610
20197,0.245762711864407,472
46135,0.120922832140016,1257
39007,0.304353778751369,7304
55045,0.150673159553137,3491
47027,0.397379912663755,229
29207,0.32022932022932,1221
21089,0.203100775193798,2580
39009,0.22304050499737,1901
55047,0.255190890823845,1493
29209,0.206076134699854,2732
47029,0.371956339210747,1191
55049,0.191666666666667,2400
05051,0.197985611510791,6950
13071,0.296485623003195,1565
21091,0.211180124223602,483
05053,0.25,1020
13073,0.11024867040391,13914
39011,0.212452050752434,3389
47031,0.246499416569428,3428
29211,0.212435233160622,193
21093,0.230697239120262,8548
05055,0.293792517006803,2352
13075,0.373092926490985,721
39013,0.230862993661629,4102
55051,0.293023255813954,430
47033,0.400793650793651,756
21095,0.431535269709544,723
05057,0.390146471371505,751
29213,0.235294117647059,3978
13077,0.175803654795251,14994
55053,0.394495412844037,654
39015,0.229251305861869,3446
29215,0.235849056603774,954
21097,0.24978466838932,1161
05059,0.302473498233216,1415
47035,0.195381343056822,3291
13079,0.338877338877339,481
55055,0.192242833052277,7116
39017,0.193673000626436,38312
29217,0.274473924977127,1093
47037,0.220817599737317,60910
21099,0.364922206506365,707
10001,0.199268091134459,16942
55057,0.333554817275747,1505
39019,0.252206223873665,2153
47039,0.403292181069959,486
29219,0.203996885543732,3853
55059,0.206161848554566,19994
10003,0.200143687763149,59852
10005,0.173700832615561,17415
05061,0.403960396039604,505
13081,0.354531001589825,629
05063,0.209302325581395,1075
13083,0.308695652173913,1150
39021,0.273657289002558,3128
47041,0.336166194523135,1059
29221,0.342383107088989,1326
05065,0.454545454545455,528
39023,0.258233532934132,12024
55061,0.173621103117506,2085
13085,0.205553413035095,2593
05067,0.282142857142857,560
47043,0.258056330880487,3941
29223,0.29126213592233,309
13087,0.354095563139932,1172
55063,0.143471074380165,9075
39025,0.173320807891029,21290
29225,0.274169410356181,3341
05069,0.274032825322392,3412
47045,0.330289193302892,2628
55065,0.197916666666667,1056
13089,0.270875873186459,74440
39027,0.230085875037015,3377
47047,0.241907151819322,3985
29227,0.392156862745098,51
01101,0.228034304537968,17607
39029,0.258260196179659,7748
55067,0.182677949228472,2009
47049,0.362804878048781,656
29229,0.296739130434783,920
01103,0.242692750287687,8690
55069,0.254771415889925,2253
01105,0.485981308411215,107
51101,0.2,2095
01107,0.443105756358768,747
51103,0.187227866473149,689
01109,0.243301178992497,933
51105,0.452859350850077,647
51107,0.0952839116719243,63400
51109,0.252444848760519,4397
05071,0.353968253968254,1260
13091,0.417935702199662,591
05073,0.518518518518519,135
13093,0.474402730375427,293
39031,0.345964912280702,1425
05075,0.403846153846154,676
47051,0.277637130801688,2370
13095,0.310251611561655,4809
39033,0.304710144927536,2760
55071,0.219023779724656,6392
05077,0.463636363636364,110
47053,0.356470969834577,3083
55073,0.155539487426689,12447
39035,0.227191445714234,110167
13097,0.263249673039796,16057
05079,0.404580152671756,262
47055,0.311057108140948,1646
13099,0.477508650519031,289
39037,0.296977660972405,3044
55075,0.293871449925262,3345
47057,0.351947097722263,1361
39039,0.204184947688154,2963
01111,0.27536231884058,828
55077,0.291950886766712,1466
55078,0.320754716981132,106
47059,0.260623991393222,3718
01113,0.269554378311,3209
55079,0.298809266074908,92380
01115,0.220212619080491,7243
51111,0.329457364341085,516
01117,0.15023681464237,24914
51113,0.217647058823529,1190
01119,0.420454545454546,264
51115,0.163659793814433,776
51117,0.225437010247137,1659
51119,0.148319814600232,863
05081,0.429042904290429,606
05083,0.329557157569516,971
39041,0.0930980528511822,23008
47061,0.628571428571429,770
05085,0.201769911504425,5650
55081,0.289303387894937,2627
39043,0.20436147364943,6053
05087,0.372916666666667,960
47063,0.261217611122814,4747
55083,0.190041313328985,4599
39045,0.172006856540084,15168
05089,0.366834170854271,1194
47065,0.253297883219143,29337
39047,0.222222222222222,2205
55085,0.204728500909327,3849
47067,0.362068965517241,232
01121,0.311784351145038,4192
55087,0.135607108106724,19527
39049,0.191690477474078,111294
47069,0.541208791208791,1456
55089,0.0977725423002784,9338
01123,0.26888341543514,2436
02016,0.125,56
01125,0.178006620080912,13595
51121,0.105513146734521,5895
01127,0.310044977511244,3335
01129,0.475190839694657,524
51125,0.186011904761905,1344
51127,0.157028112449799,2490
05091,0.273166023166023,2072
05093,0.422210300429185,1864
39051,0.179973649538867,3795
05095,0.422857142857143,175
47071,0.339889850511408,1271
55091,0.293515358361775,586
39053,0.268471104608632,1367
05097,0.285106382978723,235
47073,0.235181644359465,3661
55093,0.155465949820789,4464
39055,0.116668490751888,9137
05099,0.417647058823529,170
47075,0.524948024948025,962
39057,0.132134952042391,14909
02020,0.132154778093708,32356
55095,0.213127876726036,4997
47077,0.352834740651387,1658
01131,0.422727272727273,220
39059,0.302222222222222,2025
55097,0.154376292212267,4353
47079,0.307007125890736,1684
01133,0.377926421404682,897
55099,0.215463917525773,970
44001,0.108259973777861,5339
51131,0.272861356932153,678
44003,0.20739418861776,25777
51133,0.223448275862069,725
44005,0.107043235704324,8604
51135,0.345029239766082,855
44007,0.255315007160834,71919
51137,0.215642683912692,4948
44009,0.133844379621464,14741
51139,0.254025044722719,2236
39061,0.201313026606065,75246
47081,0.326618705035971,1390
39063,0.190855457227139,6780
47083,0.350132625994695,377
39065,0.379504504504505,1776
47085,0.3905540417802,1101
39067,0.321350762527233,918
47087,0.297482837528604,437
39069,0.213082259663033,2018
47089,0.264817518248175,3425
51141,0.236318407960199,804
51143,0.221061792863359,3447
51145,0.163110991088307,3703
51147,0.247089262613195,773
51149,0.235900741218176,3103
39071,0.24122527121889,3134
47091,0.286919831223629,711
39073,0.277978339350181,1662
47093,0.212582719294129,42614
39075,0.243381725021349,1171
47095,0.577272727272727,220
39077,0.258628318584071,4520
47097,0.513242662848962,1397
39079,0.308441558441558,1540
47099,0.269963702359347,2204
36001,0.175181822288476,22137
36003,0.318911374738311,1433
36005,0.291827654841353,34164
51153,0.187835130346161,86347
36007,0.205653991638463,10046
51155,0.197373820270825,2437
36009,0.257315842583249,2973
51157,0.167664670658683,835
51159,0.320099255583127,403
39081,0.269028571428571,4375
39083,0.2105588781192,4849
39085,0.16470925236322,24437
02050,0.192771084337349,249
39087,0.24019975031211,4005
39089,0.184676321326897,16158
27101,0.21882951653944,393
36011,0.247831800262812,3805
27103,0.148387096774194,2480
36013,0.23119673953316,5398
51161,0.14784478345449,9767
27105,0.233532934131737,668
36015,0.233473684210526,4750
51163,0.162522741055185,1649
27107,0.309711286089239,381
36017,0.255824372759857,2232
51165,0.15973597359736,6060
27109,0.106842814083242,15593
36019,0.19311761684643,3894
51167,0.298200514138818,1167
51169,0.294049008168028,857
39091,0.271100507008649,3353
39093,0.202802749867795,30256
39095,0.229796333481107,38347
39097,0.199610244988864,3592
39099,0.283141361256545,19100
28001,0.319277108433735,996
36021,0.20374269005848,4275
27111,0.196273608984176,3918
28003,0.350599781897492,1834
27113,0.217638691322902,703
36023,0.174633222905821,2113
28005,0.315789473684211,285
51171,0.186251839394576,4757
02068,0.119402985074627,67
27115,0.30176322418136,1985
36025,0.2904322486644,2059
51173,0.206611570247934,1815
28007,0.34971098265896,692
27117,0.237163814180929,409
36027,0.191593654714578,25909
28009,0.635782747603834,313
51175,0.304276315789474,1216
27119,0.238095238095238,1974
36029,0.164234389231859,49405
51177,0.199689753479792,23852
51179,0.170448439760281,24195
02070,0.180722891566265,83
19101,0.217948717948718,546
28011,0.367729831144465,1066
27121,0.216510903426791,642
36031,0.23421686746988,2075
28013,0.533687943262411,564
19103,0.0730005895067793,10178
27123,0.198875643734997,48739
36033,0.255788313120176,1814
28015,0.426315789473684,190
51181,0.289628180039139,511
19105,0.213690476190476,1680
27125,0.315789473684211,209
36035,0.291158536585366,3280
28017,0.573482428115016,626
19107,0.360236220472441,508
51183,0.352112676056338,568
27127,0.305057096247961,613
36037,0.227760736196319,2608
19109,0.243137254901961,765
51185,0.272429906542056,2140
28019,0.329931972789116,294
27129,0.299112801013942,789
36039,0.2194791101465,3686
51187,0.209694575292509,6581
28021,0.487654320987654,162
19111,0.416890080428954,746
27131,0.17363076410854,6007
36041,0.209230769230769,325
28023,0.464462809917355,605
19113,0.150834772596431,20844
36043,0.247151898734177,3160
27133,0.186234817813765,494
28025,0.415614236509759,871
19115,0.355789473684211,475
51191,0.186302807662031,3811
27135,0.247391952309985,671
36045,0.198793835157472,4477
28027,0.45703125,768
19117,0.344765342960289,554
51193,0.258133333333333,1875
27137,0.213487794786926,16919
36047,0.243784211567632,90978
19119,0.172348484848485,528
28029,0.439550140581068,1067
51195,0.34457671957672,1512
27139,0.142283000156584,19159
36049,0.214592274678112,932
51197,0.233766233766234,1617
51199,0.101973684210526,7600
40101,0.310953133228015,3798
40103,0.245430809399478,383
40105,0.316702819956616,461
40107,0.472573839662447,237
40109,0.22778534923339,58700
02090,0.150589970501475,6780
28031,0.455040871934605,734
19121,0.217136774880255,1879
27141,0.203554239170678,13505
36051,0.205908953873983,3317
19123,0.249348392701998,1151
28033,0.257740142894946,18895
27143,0.26079869600652,1227
36053,0.180522565320665,4210
28035,0.281264211005002,4398
19125,0.207109737248841,2588
27145,0.16256157635468,13398
36055,0.159541759676536,47486
28037,0.311320754716981,106
19127,0.21957207997194,2851
27147,0.194758620689655,3625
36057,0.284711964549483,2708
19129,0.24876673713883,1419
28039,0.44585448392555,1182
27149,0.170673076923077,416
36059,0.200589093660488,111018
41001,0.238493723849372,717
40111,0.52321083172147,2068
41003,0.0869565217391304,5497
40113,0.320296418279127,2429
41005,0.144488303115452,44841
40115,0.33160621761658,1544
41007,0.152106567534077,3228
40117,0.387334315169367,679
41009,0.205010585744531,5668
51800,0.226800212459215,13179
40119,0.200054809536859,3649
28041,0.559241706161138,422
19131,0.352713178294574,258
27151,0.283842794759825,458
36061,0.0232017615397162,49048
19133,0.365750528541226,473
28043,0.374613003095975,1292
27153,0.293228139381986,1521
36063,0.187384821578154,11938
19135,0.268011527377522,347
28045,0.213842058562555,3381
27155,0.298850574712644,174
36065,0.19041697753461,12063
19137,0.270998415213946,631
28047,0.220507951578448,12639
27157,0.189345991561181,1896
36067,0.146728221597752,29892
28049,0.400521812996784,16481
19139,0.283669724770642,2725
27159,0.276510067114094,745
36069,0.156626506024096,7055
41011,0.165406847487772,4498
40121,0.350859453993933,1978
41013,0.214694236691597,2273
40123,0.223746701846966,1895
41015,0.125991189427313,1135
40125,0.297186700767263,3910
41017,0.134735645252985,22867
40127,0.411764705882353,136
51810,0.185623157007883,66468
41019,0.173776086100538,7619
19141,0.319306930693069,404
28051,0.647921760391198,409
27161,0.271428571428571,1400
36071,0.221030834255241,35253
28053,0.642857142857143,196
19143,0.306306306306306,222
36073,0.281448849730788,2043
27163,0.142134579678597,31238
19145,0.298245614035088,741
27165,0.294559099437148,533
36075,0.224705261305648,5683
28057,0.427955133735979,1159
19147,0.274881516587678,422
27167,0.240331491712707,362
36077,0.25008768853034,2851
19149,0.236628849270665,1234
28059,0.230830274774328,10081
27169,0.172494172494172,3003
36079,0.169865738438588,10055
33001,0.204711495452512,6707
41021,0.22972972972973,74
40131,0.226305889162205,6911
33003,0.204447068083432,5082
41023,0.162962962962963,270
33005,0.205135773317592,6776
40133,0.414880201765448,793
41025,0.262820512820513,312
40135,0.267468764460898,2161
33007,0.345684803001876,2132
41027,0.104373177842566,1715
33009,0.217971217971218,5698
40137,0.354694485842027,3355
41029,0.154617634768074,21537
51820,0.200603318250377,1989
40139,0.240963855421687,581
28061,0.521560574948665,487
19151,0.338709677419355,248
27171,0.184992784992785,17325
36081,0.234896889312515,123799
28063,0.523809523809524,84
19153,0.190546889300169,49169
27173,0.244655581947744,421
36083,0.212778679422568,11707
28065,0.543795620437956,274
19155,0.267648725212465,8825
36085,0.191340962517114,38711
19157,0.22827804107425,1266
28067,0.426608821402748,2766
36087,0.166218222304695,21556
28069,0.416,125
19159,0.181318681318681,182
36089,0.241447891805887,2514
33011,0.146526245681222,48046
41031,0.229677419354839,1550
40141,0.444015444015444,259
33013,0.171668137687555,15862
41033,0.158057705840957,7105
40143,0.22581961053739,46577
33015,0.136878564545952,38399
41035,0.195181629964239,5313
33017,0.175036085998633,13163
40145,0.228255722178374,6335
41037,0.201365187713311,293
33019,0.276475823197864,3371
40147,0.218651211801897,3796
41039,0.160166912433721,31873
51830,0.0888888888888889,900
40149,0.392857142857143,336
28071,0.207311827956989,2325
19161,0.368653421633554,453
36091,0.149121540312876,20775
28073,0.213723776223776,4576
19163,0.228229123204387,16777
36093,0.214395660778421,13643
19165,0.3,700
28075,0.32953620829943,3687
36095,0.230204509701101,1907
28077,0.442084942084942,518
19167,0.228758169934641,918
36097,0.231664726426077,859
28079,0.477079796264856,589
19169,0.121136590229312,6018
36099,0.217258261933905,1634
25001,0.143540669856459,30096
41041,0.16030989272944,3356
25003,0.137599847850894,10516
40151,0.345911949685535,318
25005,0.158389397883634,59158
41043,0.203701699318108,9239
40153,0.2725,800
41045,0.253472222222222,1440
25007,0.156215005599104,1786
41047,0.200558618688334,27568
25009,0.146861987775033,86217
41049,0.244147157190635,299
51840,0.208205521472393,2608
19171,0.303538175046555,1074
28081,0.334598251113678,6061
28083,0.43701226309922,897
19173,0.317991631799163,239
28085,0.4072553045859,1461
19175,0.299418604651163,688
19177,0.337662337662338,154
28087,0.247809419496166,3652
19179,0.31041776837652,1891
28089,0.173470504541972,9137
25011,0.154990700557967,6452
41051,0.161600582913352,82345
25013,0.250185133759141,43212
41053,0.167866039302519,7226
25015,0.112262810331857,11963
41055,0.235294117647059,51
25017,0.106739932213521,147227
41057,0.186843559977888,1809
25019,0.0960144927536232,1104
41059,0.190825190010858,3684
19181,0.192433850863766,4573
28091,0.462785556374355,1357
28093,0.510707635009311,2148
19183,0.207317073170732,1804
28095,0.455052264808362,1435
19185,0.314285714285714,175
19187,0.26468253968254,2520
28097,0.440476190476191,336
28099,0.382978723404255,658
19189,0.308139534883721,344
17001,0.270220588235294,1632
25021,0.103502146389176,73612
17003,0.435185185185185,108
41061,0.189562547966232,1303
25023,0.168475997858545,67244
17005,0.195996663886572,1199
41063,0.161849710982659,346
25025,0.17393158188199,60978
17007,0.250647854880507,6946
25027,0.173664409330324,93030
41065,0.234394904458599,1570
17009,0.3,80
41067,0.140402824325643,61466
19191,0.1875,496
19193,0.268119966675923,7202
19195,0.247641509433962,424
19197,0.337864077669903,515
08101,0.265131693703122,17199
17011,0.213789912077742,2161
08103,0.183471074380165,605
17013,0.179401993355482,301
41071,0.179386477019425,9421
17015,0.301173402868318,767
08105,0.366906474820144,556
08107,0.0690574985180794,3374
17017,0.245939675174014,431
48303,0.202043132803632,16739
08109,0.222641509433962,265
17019,0.120513710517182,14405
48305,0.374149659863946,147
48307,0.355670103092784,194
48309,0.266302601991648,12452
09001,0.156051390026124,102588
08111,0.127272727272727,55
17021,0.2610188895249,1747
09003,0.192488843425771,88961
08113,0.0732838589981447,1078
17023,0.192258064516129,775
09005,0.164325398617824,22139
08115,0.376712328767123,146
17025,0.412955465587045,247
09007,0.135088937556754,18721
17027,0.165611814345992,2844
08117,0.0949640287769784,4170
09009,0.219611962984487,89476
17029,0.204584775086505,2312
48313,0.397163120567376,282
08119,0.152603231597846,3899
48315,0.328125,320
48317,0.218390804597701,87
48319,0.236842105263158,76
09011,0.183707724724117,28001
08121,0.238636363636364,264
17031,0.255352578535261,617366
09013,0.135769872151195,14392
08123,0.173739313591872,32284
17033,0.299363057324841,471
09015,0.247782915182294,13193
17035,0.272727272727273,341
08125,0.223214285714286,560
48321,0.356294536817102,1263
17037,0.182813094784926,10508
17039,0.251489868891538,839
48323,0.433353998760074,1613
48325,0.259537210756723,1599
30001,0.165024630541872,406
20201,0.39622641509434,106
30003,0.283261802575107,233
48329,0.248242231798594,8818
30005,0.171171171171171,111
20205,0.510344827586207,290
30007,0.271084337349398,332
20207,0.431654676258993,139
30009,0.151560178306092,673
20209,0.392144850588796,14691
17041,0.23321554770318,1132
17043,0.15379120067005,121782
17045,0.270011947431302,837
17047,0.252525252525253,99
48331,0.356147021546261,789
17049,0.190958690568979,1283
48333,0.375,80
48335,0.432432432432432,111
21101,0.21460602178091,3122
48337,0.41744966442953,745
30013,0.138309215536938,6565
21103,0.295751633986928,1224
48339,0.216457049747951,39278
30015,0.102739726027397,146
21105,0.318181818181818,88
30017,0.204576043068641,743
21107,0.306153846153846,1950
21109,0.42443729903537,311
17051,0.224795640326975,734
17053,0.237877401646844,1093
17055,0.319947333772219,1519
17057,0.336655592469546,1806
48341,0.33206106870229,786
17059,0.336134453781513,119
48343,0.395402298850575,435
22001,0.360239852398524,2168
30021,0.128640776699029,412
21111,0.189759770745686,65604
48347,0.275354107648725,1765
22003,0.336448598130841,856
30023,0.383073496659243,449
21113,0.201327958264169,4217
48349,0.316469926925239,1779
22005,0.209961610394724,10159
72001,0.122065727699531,213
30025,0.166666666666667,102
21115,0.30729833546735,781
22007,0.293183940242764,1071
72003,0.0822102425876011,742
30027,0.189189189189189,481
51510,0.072655634357762,19035
21117,0.167750709555345,16912
22009,0.511132164850782,2111
72005,0.0957816377171216,2015
21119,0.305343511450382,262
30029,0.153684505463715,7138
72007,0.135526315789474,760
51515,0.19327731092437,476
72009,0.144472361809045,796
17061,0.299866131191432,747
17063,0.186760124610592,6420
17065,0.256544502617801,191
17067,0.378299120234604,341
48351,0.397590361445783,166
17069,0.391304347826087,69
48353,0.479274611398964,386
48355,0.256868882595518,20127
13101,0.296703296703297,91
22011,0.322074788902292,1658
48357,0.262910798122066,213
21121,0.341394025604552,703
30031,0.118407835258664,7964
13103,0.197391137540764,5213
22013,0.405994550408719,367
48359,0.350649350649351,77
21123,0.326599326599327,1188
13105,0.362527716186253,902
22015,0.213306808134394,9048
30035,0.196581196581197,234
72011,0.11373092926491,721
21125,0.266643670231114,2899
13107,0.282758620689655,725
22017,0.29643108710965,17036
72013,0.0946624087591241,4384
51520,0.266403162055336,1265
21127,0.306329113924051,395
13109,0.277456647398844,346
22019,0.260452660677263,11576
21129,0.465909090909091,176
72015,0.0834845735027223,1102
30039,0.177631578947368,152
72017,0.101088646967341,1286
72019,0.119354838709677,620
17071,0.318435754189944,179
17073,0.257501119570085,4466
17075,0.2735368956743,1572
17077,0.216413373860182,1645
48361,0.263756613756614,3780
17079,0.335714285714286,140
48363,0.357065803667745,927
48365,0.36,625
13111,0.275967413441955,1964
22021,0.363636363636364,198
21131,0.472222222222222,108
30041,0.125944584382872,794
48367,0.217701722574796,8824
22023,0.326018808777429,319
13113,0.154199038105808,13515
30043,0.181818181818182,737
21133,0.430362116991643,718
48369,0.273049645390071,282
13115,0.219578409453849,6262
22025,0.54320987654321,324
72021,0.0804085155350978,13904
21135,0.348591549295775,284
13117,0.107302295918367,25088
22027,0.434865900383142,522
72023,0.0921366163621922,2518
51530,0.245283018867925,583
21137,0.287638668779715,1262
30047,0.188010899182561,1101
13119,0.289795918367347,1225
22029,0.335570469798658,447
72025,0.0721153846153846,9776
30049,0.194093891973751,3962
21139,0.255364806866953,466
72027,0.108454312553373,1171
72029,0.0851966075558982,2594
17081,0.245651027938851,1897
17083,0.200601805416249,1994
17085,0.190592051905921,1233
17087,0.261964735516373,397
48371,0.495268138801262,317
48373,0.391226499552372,1117
17089,0.201091681274673,70167
05101,0.64453125,512
48375,0.232212932946596,5861
22031,0.357904085257549,1126
13121,0.207189365418928,107047
05103,0.395348837209302,774
21141,0.279053084648494,1394
48377,0.329411764705882,85
13123,0.22526106414719,2011
22033,0.26425821735268,33770
30053,0.218325791855204,884
05105,0.234159779614325,363
21143,0.160098522167488,406
48379,0.351981351981352,429
13125,0.288659793814433,97
55101,0.205448402685712,23383
22035,0.325396825396825,126
72031,0.0672893072510663,13598
05107,0.503916449086162,383
21145,0.216098226466576,3665
55103,0.27005076142132,985
22037,0.416313559322034,944
13127,0.2022215892908,7022
72033,0.0984251968503937,1270
30057,0.125641025641026,390
21147,0.48948948948949,333
05109,0.454838709677419,310
51540,0.134130146082337,3012
55105,0.218029230417904,17516
13129,0.213470053600559,4291
22039,0.393939393939394,1023
72035,0.0906291245050594,2273
30059,0.269230769230769,78
21149,0.270750988142293,506
55107,0.31741935483871,775
72037,0.0955056179775281,712
55109,0.149339360222531,11504
72039,0.170068027210884,441
17091,0.239093959731544,9536
17093,0.162470154113306,18428
17095,0.303501945525292,2827
17097,0.165603160133698,95439
48381,0.160189481825213,10344
17099,0.238262580826539,7114
48383,0.611111111111111,90
06001,0.127268370036865,196121
05111,0.457567804024497,1143
48385,0.310810810810811,74
06003,0.0833333333333333,120
13131,0.257291666666667,960
22041,0.381342062193126,611
30061,0.265734265734266,286
05113,0.241379310344828,725
21151,0.207560378018901,5714
48387,0.422641509433962,265
06005,0.170487106017192,4886
13133,0.222314049586777,1210
22043,0.377540106951872,935
30063,0.107162811487317,8949
05115,0.229371137768084,2751
21153,0.455357142857143,112
48389,0.524691358024691,162
56001,0.111603188662533,2258
13135,0.193336724313327,98300
22045,0.312859884836852,3126
55111,0.212439261418853,5145
06007,0.170999308095285,20234
72041,0.0965645311049211,2154
30065,0.259615384615385,208
21155,0.229540918163673,1002
05117,0.386138613861386,202
56003,0.316793893129771,262
13137,0.297793063915162,3489
06009,0.177057356608479,7218
55113,0.210696920583468,1234
22047,0.45075016307893,1533
72043,0.0794326241134752,1410
30067,0.138351254480287,1395
05119,0.199832979574794,28739
51550,0.202806520198441,35275
21157,0.178819444444444,1728
56005,0.222060429559519,2747
13139,0.190734557595993,16772
22049,0.294559099437148,533
55115,0.203693790149893,3736
72045,0.18716577540107,374
21159,0.373134328358209,134
56007,0.263205013428827,1117
55117,0.175657770206322,10566
72047,0.114800759013283,1054
56009,0.223711340206186,970
55119,0.177401129943503,1770
72049,0.169811320754717,53
48391,0.338028169014085,213
06011,0.267238021036229,2567
05121,0.281512605042017,714
48395,0.341317365269461,501
22051,0.234239730404974,34422
13141,0.442231075697211,251
06013,0.144770281910938,186903
05123,0.396253602305476,694
48397,0.175926898435038,9521
21161,0.266566265060241,664
30071,0.0642201834862385,109
06015,0.190214067278287,1635
13143,0.27175697865353,2436
22053,0.361060880048222,1659
30073,0.237762237762238,286
56011,0.150641025641026,312
21163,0.256189451022605,1858
05125,0.172426205903528,8334
47101,0.330049261083744,609
48399,0.398601398601399,286
55121,0.266034985422741,1372
22055,0.179496975485514,15705
13145,0.185383244206774,3366
06017,0.119438335307055,29555
30075,0.0892857142857143,56
72051,0.0656416321703134,3382
21165,0.410994764397906,382
05127,0.415929203539823,339
47103,0.266924564796905,2068
56013,0.200651769087523,2148
13147,0.265787647467037,1441
22057,0.276983990359787,5809
06019,0.264599302458881,102933
55123,0.223993925588459,1317
30077,0.370731707317073,205
05129,0.551724137931035,464
72053,0.0846256092157732,2257
56015,0.286713286713287,572
47105,0.230243680255067,4391
21167,0.2488860598345,1571
72054,0.163414634146341,410
55125,0.187996031746032,2016
13149,0.454193548387097,775
22059,0.577883472057075,841
72055,0.131233595800525,381
56017,0.263736263736264,273
47107,0.393978633862091,3089
21169,0.383647798742138,159
55127,0.234212481426449,10768
72057,0.0866182572614108,1928
56019,0.182274247491639,598
47109,0.443880786303107,1577
55129,0.226753670473083,1226
72059,0.0947368421052632,380
06021,0.241663235899547,2429
05131,0.214401193881358,8041
06023,0.145907473309609,9835
13151,0.220564306733599,28885
22061,0.305970149253731,1876
30081,0.14795008912656,3927
21171,0.36,200
05133,0.3,380
06025,0.336911544227886,16675
13153,0.197130380536494,12824
48001,0.259259259259259,1863
22063,0.24013875123885,10090
47111,0.438728323699422,1730
05135,0.3267776096823,661
21173,0.3064039408867,2030
30083,0.163204747774481,337
56021,0.169568438599741,10798
13155,0.285185185185185,270
06027,0.127032520325203,984
55131,0.128195488721805,15960
22065,0.269102990033223,301
48003,0.398089171974522,628
72061,0.0427703523693803,8230
30085,0.236363636363636,110
47113,0.304259634888438,8381
05137,0.308641975308642,405
21175,0.345360824742268,194
56023,0.226182316655243,1459
13157,0.209643896355827,7217
55133,0.110425812115891,45560
22067,0.424938474159147,1219
48005,0.297922383379067,2551
06029,0.294965206713058,109935
72063,0.0571578395385422,3814
30087,0.267924528301887,265
51570,0.197331851028349,1799
05139,0.345124282982792,1046
21177,0.319672131147541,1098
56025,0.20317952694843,7737
47115,0.436936936936937,2220
13159,0.288758265980896,1361
22069,0.344226579520697,1377
55135,0.232718381862636,4499
48007,0.226909090909091,1375
56027,0.267326732673267,101
72065,0.0957142857142857,1400
47117,0.263773768893223,2051
30089,0.199300699300699,572
21179,0.228084199307221,3753
48009,0.250965250965251,518
55137,0.247921760391198,2045
72067,0.0889570552147239,652
56029,0.192965779467681,1052
47119,0.213448660714286,7168
55139,0.162842250314541,16691
72069,0.0854673495518566,3124
06031,0.279796239418683,13349
05141,0.352179034157833,849
13161,0.305322128851541,357
22071,0.27207339133431,23218
06033,0.22486165474423,7409
30091,0.32258064516129,93
05143,0.173458445040214,18650
21181,0.295373665480427,281
06035,0.200230591852421,2602
22073,0.25727221279004,8835
13163,0.39874739039666,479
39101,0.308191584601611,4468
48011,0.313131313131313,99
47121,0.34475374732334,467
05145,0.248541114058355,3770
21183,0.361527967257844,733
30093,0.263978494623656,1860
56031,0.250591016548463,423
48013,0.336866010598032,1321
22075,0.191176470588235,1292
39103,0.142091013225034,19206
13165,0.426160337552743,237
06037,0.197613009128862,1048433
55141,0.235567715458276,3655
72071,0.0956365809922295,1673
56033,0.168527379053695,1881
47123,0.371890547263682,2412
30095,0.14828897338403,526
21185,0.123502994011976,6680
05147,0.393548387096774,155
13167,0.354166666666667,144
06039,0.274414008892792,18217
48015,0.285996055226824,1521
39105,0.323162274618585,721
22077,0.371475953565506,1206
72073,0.145299145299145,234
30097,0.110047846889952,209
21187,0.239600665557404,601
05149,0.328333333333333,600
51580,0.272959183673469,392
56035,0.196610169491525,590
47125,0.162993105007347,17694
13169,0.305239179954442,2195
39107,0.242487046632124,1930
48017,0.369565217391304,184
22079,0.302502292676536,7633
72075,0.0958149779735683,1816
30099,0.22887323943662,284
56037,0.271785496648385,3282
47127,0.197368421052632,304
48019,0.232824427480916,1048
39109,0.168295442855673,9721
72077,0.0705663881151346,2154
47129,0.40421052631579,950
56039,0.0885341074020319,1378
72079,0.161001788908766,559
06041,0.0484987735585432,32207
22081,0.477832512315271,203
06043,0.167677881963596,1813
13171,0.286166007905138,1265
21191,0.206969376979937,947
13173,0.383763837638376,542
06045,0.152448413920542,6494
22083,0.390078917700113,887
39111,0.22007722007722,518
48021,0.23973063973064,4455
21193,0.34525939177102,559
56041,0.228705566733736,1491
47131,0.314232902033272,1623
48023,0.265957446808511,94
06047,0.268210502270067,35021
39113,0.217116484398515,49835
13175,0.320606400898372,1781
22085,0.375634517766498,788
72081,0.14572864321608,597
47133,0.239598278335725,697
56043,0.225,480
21195,0.276938078985861,2051
06049,0.232848232848233,481
22087,0.233300099700897,3009
13177,0.176532769556025,2838
39115,0.272585669781931,642
48025,0.327510917030568,687
72083,0.130718954248366,153
47135,0.451162790697674,215
51590,0.317521367521368,2340
21197,0.397489539748954,717
56045,0.230964467005076,394
22089,0.216905564924115,4744
48027,0.144996279761905,21504
13179,0.176652892561983,4840
39117,0.212876427829699,2889
72085,0.081529944640161,1987
21199,0.258719086873811,3154
47137,0.29746835443038,158
48029,0.226637619535071,114297
39119,0.371173469387755,4704
72087,0.112574850299401,835
47139,0.443037974683544,948
51595,0.327659574468085,235
72089,0.083976833976834,1036
01,0.0918918918918919,555
02,0.0375,80
04,0.217840735068913,2612
05,0.12540192926045,311
06,0.273987437730128,9234
06051,0.108630952380952,1344
08,0.246525237746891,1367
13181,0.249201277955272,313
06053,0.16409430707303,43475
22091,0.556756756756757,370
09,0.104368932038835,412
06055,0.102545672356993,16695
13183,0.27378640776699,515
22093,0.348773841961853,1101
39121,0.262645914396887,514
48031,0.207381370826011,569
47141,0.178308823529412,4352
06057,0.105431309904153,13459
39123,0.181483429773803,3802
22095,0.30188679245283,4505
13185,0.209115281501341,7087
72091,0.0923970432946146,1894
47143,0.383221128948731,1931
13187,0.188568856885689,2222
06059,0.122336133524925,361880
22097,0.331632653061225,2940
39125,0.234351145038168,1310
48035,0.350901525658807,721
72093,0.181818181818182,55
47145,0.298860398860399,3510
48037,0.258575770733825,4606
22099,0.454633516306103,3097
13189,0.281279397930386,1063
39127,0.336683417085427,1990
72095,0.231270358306189,307
47147,0.249724105312943,6343
11001,0.161059107500294,67944
48039,0.243347473968376,23337
39129,0.203816131830009,4612
72097,0.107556977209116,2501
47149,0.205839365256125,28736
72099,0.122596153846154,832
11,0.103004291845494,233
12,0.252055842417288,5229
13,0.198416006669446,2399
15,0.205333333333333,375
16,0.495215311004785,418
06061,0.115862635669531,58414
17,0.0726033834586466,4256
18,0.10568454763811,1249
06063,0.163753449862006,2174
13191,0.314705882352941,680
19,0.142307692307692,260
13193,0.379710144927536,345
06065,0.24404725297253,390240
39131,0.28920741989882,1186
48041,0.167604824813326,8705
47151,0.356834532374101,695
13195,0.283937263385614,1849
06067,0.202319688618375,229686
48043,0.16,350
39133,0.190153800868349,13589
47153,0.425650557620818,1076
06069,0.168984209285883,8486
39135,0.236210418794688,3916
13197,0.341059602649007,302
47155,0.288010817307692,6656
48047,0.569767441860465,86
02100,0.2,90
13199,0.386105544422178,1497
39137,0.156419529837251,2212
47157,0.337307644188665,79930
39139,0.227452141306493,10134
48049,0.376712328767123,1022
47159,0.307080924855491,1384
20,0.238095238095238,210
21,0.220159151193634,754
22,0.0481927710843374,664
23,0.0592783505154639,388
24,0.108050847457627,1888
25,0.14692188308329,1933
26,0.20495867768595,1210
06071,0.278585828245311,346238
27,0.122103944896681,1597
28,0.180811808118081,271
06073,0.123476114505885,398652
29,0.0984405458089669,1026
06075,0.0596418779406289,59086
39141,0.214872460008647,4626
48051,0.429872495446266,549
47161,0.262111801242236,805
06077,0.239136473325116,115202
39143,0.23929917941894,4509
48053,0.227673438098888,2609
47163,0.206829679595278,11860
06079,0.0852107883520183,27919
39145,0.309961046188091,3594
48055,0.310267857142857,1344
47165,0.22068564787914,17210
02110,0.119308153900459,2833
48057,0.262177650429799,698
39147,0.270319397559076,3851
47167,0.292027250966673,5431
39149,0.186066763425254,3445
48059,0.292418772563177,554
47169,0.255639097744361,532
53001,0.254304635761589,755
53003,0.152040245947457,1789
32510,0.149150832352447,5947
53005,0.149025765469988,14011
53007,0.162397630249172,5739
53009,0.154817987152034,4670
30,0.0882352941176471,68
31,0.252631578947368,190
32,0.275656324582339,838
33,0.0860655737704918,244
34,0.113263785394933,671
35,0.118243243243243,296
36,0.303400174367916,1147
06081,0.0808384980799981,85677
37,0.18082788671024,1377
38,0.151515151515152,99
06083,0.111530533687635,40267
39,0.236897274633124,1908
39151,0.24404062321068,33183
06085,0.0908924977983016,219149
48061,0.398883696780893,15408
47171,0.334690553745928,1228
06087,0.0868538441353975,26677
39153,0.218414130026306,53220
48063,0.382409177820268,523
47173,0.37447168216399,1183
39155,0.282526315789474,16625
06089,0.185536600953739,20341
48065,0.309090909090909,275
47175,0.374193548387097,155
39157,0.253084243919633,5674
48067,0.3310546875,1024
47177,0.326193390452876,1634
02122,0.14987146529563,3890
48069,0.28476821192053,151
39159,0.149270275263255,5413
47179,0.192617991125454,9916
53011,0.170976718930293,58932
53013,0.226148409893993,283
53015,0.223319560616749,9923
53017,0.184045018205892,3021
53019,0.181102362204724,254
40,0.26387176325524,811
41,0.169584245076586,1828
42,0.0900750625521268,1199
44,0.1,90
45,0.100104275286757,959
06091,0.180281690140845,355
47,0.235270049099836,2444
48,0.0816392384640207,3099
06093,0.160688247302421,3429
49,0.383073496659243,449
48071,0.266963843486875,2019
06095,0.199854308030595,74129
39161,0.312649164677804,1676
47181,0.255868544600939,426
06097,0.0986175263022838,62352
39163,0.356948228882834,367
48073,0.319559228650138,1452
47183,0.330686330119115,1763
48075,0.291970802919708,137
06099,0.235330537481163,85603
39165,0.134864482420812,27561
47185,0.340119760479042,1670
02130,0.141689373297003,734
48077,0.371196754563895,493
39167,0.184282516786869,4021
47187,0.0959657445111456,23821
39169,0.184623102972532,7973
48079,0.444444444444444,54
47189,0.177853681785686,12589
45001,0.292920353982301,1130
53021,0.205752212389381,5876
24510,0.36140924733381,58698
45003,0.17989898989899,9900
53023,0.238805970149254,134
45005,0.497354497354497,189
53025,0.200796989152092,4517
45007,0.219975835682642,12415
53027,0.26034990472891,5773
45009,0.509915014164306,353
53029,0.123544564657393,9705
50,0.158823529411765,170
51,0.11039603960396,2020
53,0.437296416938111,1228
54,0.165254237288136,236
55,0.095615671641791,2144
56,0.196428571428571,56
39171,0.230817217716781,3206
48081,0.3,90
48083,0.481283422459893,187
39173,0.158116526200073,10916
48085,0.14729440759668,82773
39175,0.248866213151927,1764
48089,0.310402684563758,596
45011,0.350449293966624,779
36101,0.237987987987988,3996
53031,0.111977030352748,2438
45013,0.142132269099202,17540
36103,0.225685487260055,154671
53033,0.118480185762278,246767
45015,0.227235294117647,17000
36105,0.297843922915474,5241
53035,0.150249479562502,30263
45017,0.280952380952381,420
36107,0.186901570279586,2611
53037,0.15247700978938,3371
36109,0.0889934992154226,4461
45019,0.164345997177924,37561
53039,0.166965888689408,1114
48091,0.152317880794702,9513
48093,0.315186246418338,349
48095,0.5,62
02150,0.0920881971465629,771
48097,0.323004694835681,2130
48099,0.188494833845295,3581
37001,0.219310079013297,10378
45021,0.31387181738367,2278
36111,0.199760367436597,15023
37003,0.222277227722772,2020
53041,0.221074380165289,6292
45023,0.346320346320346,1617
36113,0.210344827586207,5220
53043,0.244408945686901,626
37005,0.19926873857404,547
45025,0.244979919678715,1494
36115,0.290184601530842,4442
37007,0.414473684210526,912
53045,0.234481663756152,6299
36117,0.19848566792861,5547
45027,0.283687943262411,987
37009,0.224292101341282,1342
53047,0.172171088251218,1847
45029,0.342541436464088,1629
36119,0.138135055996619,66254
53049,0.207650273224044,1098
72,0.0506329113924051,79
37011,0.161180476730988,881
28101,0.395973154362416,745
45031,0.309830508474576,2950
36121,0.223880597014925,1809
28103,0.407124681933842,393
37013,0.232558139534884,2408
53051,0.17016317016317,858
45033,0.368536853685369,909
36123,0.212924606462303,1207
28105,0.214631782945736,2064
37015,0.34910277324633,613
53053,0.216588148932809,107619
45035,0.194135090609555,15175
53055,0.0728527607361963,1304
37017,0.313649564375605,1033
28107,0.464976651100734,1499
45037,0.220890410958904,1168
53057,0.1893864013267,12060
37019,0.148514851485149,10201
28109,0.311111111111111,3600
45039,0.327983951855567,997
53059,0.179899497487437,995
02170,0.1598225340487,9692
29001,0.150793650793651,756
28111,0.520161290322581,496
37021,0.159662622077538,20274
29003,0.246244284781189,1531
45041,0.272646423580231,7871
53061,0.161196765390077,99301
37023,0.21777950310559,5152
28113,0.389851485148515,1616
29005,0.325657894736842,304
45043,0.181525932276039,4666
28115,0.411373707533235,1354
53063,0.169002283248497,47739
37025,0.18794665466209,17771
29007,0.337423312883436,1141
45045,0.176400322002649,38509
28117,0.436655405405405,1184
53065,0.176058686228743,2999
37027,0.246214245653393,5349
29009,0.241781548250265,1886
45047,0.227887123547546,4217
28119,0.64390243902439,205
53067,0.15453155994927,30751
37029,0.181342632955536,1147
45049,0.459047619047619,525
53069,0.186440677966102,295
02180,0.148148148148148,189
29011,0.344961240310078,516
28121,0.184328477669281,12494
37031,0.132788559754852,5874
29013,0.37761601455869,1099
45051,0.21187813053139,26553
28123,0.527586206896552,870
02185,0.321428571428571,84
53071,0.185031185031185,4329
37033,0.291066282420749,1041
29015,0.303771661569827,981
45053,0.327341532639546,1057
28125,0.353658536585366,82
53073,0.136912356462852,20378
37035,0.205756226290615,12126
02188,0.358208955223881,67
29017,0.298288508557457,409
45055,0.223515715948778,4295
28127,0.442680776014109,1134
53075,0.120315581854043,2028
37037,0.125239209015522,4703
45057,0.225749559082892,3969
29019,0.125216735770825,13265
28129,0.495495495495496,333
37039,0.198955916473318,1724
53077,0.212131620526207,14557
45059,0.319141323792487,2795
50001,0.154766994442069,2339
50003,0.181520850367948,2446
50005,0.213800904977376,1768
50007,0.0802651440572291,15237
50009,0.343108504398827,341
29021,0.311119671289163,7788
28131,0.299342105263158,912
37041,0.247422680412371,873
45061,0.422037422037422,481
29023,0.304946775203507,1597
28133,0.566371681415929,565
37043,0.163109756097561,656
29025,0.403061224489796,784
45063,0.191517350873214,22045
28135,0.68,275
37045,0.294168096054889,5830
29027,0.184341859014348,3206
45065,0.182897862232779,421
28137,0.380387931034483,1856
37047,0.349437148217636,2132
45067,0.435135135135135,1110
29029,0.224444444444444,3150
28139,0.48125,640
37049,0.132059186189889,8110
45069,0.387374461979914,697
50011,0.169776501947919,4877
50013,0.156164383561644,730
50015,0.162177020340847,1819
50017,0.221012520413718,1837
50019,0.267676767676768,1386
29031,0.172459139582942,5323
28141,0.453159041394336,918
37051,0.18579512195122,25625
45071,0.301765650080257,1869
29033,0.331210191082803,314
28143,0.551020408163265,343
37053,0.161166292854854,3121
29035,0.274647887323944,142
45073,0.204794163626889,3838
28145,0.389687235841082,1183
37055,0.120586275816123,4503
29037,0.217446876497843,12518
45075,0.400239306012564,3343
28147,0.517826825127334,589
37057,0.228855298913044,11776
29039,0.363751584283904,789
45077,0.213257267046998,7362
28149,0.282357067695545,2851
37059,0.142407553107789,3813
45079,0.230718582587616,33413
42001,0.174026244532389,9602
50021,0.209467455621302,4225
42003,0.205822530174341,89480
50023,0.164221486038807,4226
42005,0.243920412675018,4071
50025,0.183908045977012,2436
42007,0.242428948594502,12878
50027,0.17373192844891,4081
42009,0.256240822320117,2724
29041,0.304347826086957,184
37061,0.303867403314917,1629
28151,0.410227272727273,1760
29043,0.174220813523508,9465
45081,0.259259259259259,567
37063,0.176907268380657,23843
28153,0.478325859491779,669
29045,0.327868852459016,61
45083,0.232246913580247,20250
37065,0.400894187779434,2013
28155,0.404580152671756,393
29047,0.20425621428321,28523
45085,0.257465162574652,6028
28157,0.323809523809524,105
37067,0.182403705818897,31518
29049,0.248580166011359,2289
45087,0.391951006124234,1143
28159,0.518878101402373,927
37069,0.226857887874837,3835
45089,0.508710801393728,574
42011,0.186805180787912,37060
42013,0.24541691306919,8455
42015,0.217274472168906,2605
42017,0.121186020029782,68498
42019,0.142914384933885,14974
29051,0.153846153846154,6357
28161,0.500974658869396,513
37071,0.250512109892758,16598
29053,0.217905405405405,1184
45091,0.185318640801106,23867
28163,0.547038327526132,1148
37073,0.23696682464455,633
29055,0.339004410838059,1587
37075,0.115902964959569,371
29057,0.386892177589852,473
37077,0.224284844796105,3286
29059,0.285427135678392,995
37079,0.273381294964029,556
34001,0.237141506022421,35949
42021,0.210006027727547,8295
34003,0.142446938336005,83582
42023,0.348936170212766,235
34005,0.198433420365535,59748
42025,0.253194510175107,6339
34007,0.243127460672598,57657
42027,0.113660733433412,9326
34009,0.181491925147398,11703
42029,0.100276691155424,52405
29061,0.289473684210526,380
37081,0.195157943278764,43370
29063,0.342446043165468,695
37083,0.323863636363636,1760
29065,0.344758064516129,496
37085,0.194875444839858,7025
29067,0.220183486238532,327
37087,0.205227077977721,4668
29069,0.454179254783484,993
37089,0.160004380681196,9131
34011,0.29245953414923,12665
42031,0.276482345103265,1501
34013,0.288466843809441,68871
42033,0.307732361364228,3841
34015,0.200705615965878,37981
42035,0.276983094928479,2307
34017,0.221470284401155,47433
42037,0.231616705098642,3903
34019,0.0859113432436052,14934
42039,0.23032904148784,4893
29071,0.22247875877355,10828
37091,0.354381443298969,776
29073,0.271780303030303,1056
37093,0.141927083333333,3840
29075,0.386206896551724,290
37095,0.326359832635983,239
29077,0.182942879705186,26593
37097,0.159131647082255,15063
29079,0.267605633802817,426
37099,0.147614314115308,2012
26001,0.255924170616114,633
34021,0.185983388523967,36842
42041,0.133821223209618,21043
26003,0.226,500
34023,0.16974436961402,82854
42043,0.199290718795952,23122
26005,0.195321414986687,10516
34025,0.147247033728836,75010
42045,0.177356183489043,52341
26007,0.21486387049301,1359
34027,0.109905230721526,51599
42047,0.261172373766686,1723
26009,0.270914127423823,1805
34029,0.180113038906414,76080
42049,0.191757966742673,17981
29081,0.34136546184739,249
29083,0.294274300932091,1502
29085,0.241721854304636,302
29087,0.296028880866426,277
29089,0.188775510204082,588
17101,0.366167023554604,467
26011,0.274401473296501,1086
34031,0.242051882192315,46143
26013,0.18562874251497,167
42051,0.316580692704495,6785
17103,0.216755319148936,2256
34033,0.244972577696527,6564
26015,0.21930360415394,6548
17105,0.281832711774108,1877
42053,0.36322869955157,223
34035,0.128993926590969,37870
42055,0.196826722338205,11975
17107,0.340285400658617,911
26017,0.195165155777847,9597
34037,0.181096808323047,22684
17109,0.215621562156216,909
26019,0.250571210967251,1313
42057,0.223185265438787,923
34039,0.244373641754761,54298
42059,0.266773162939297,1878
29091,0.288902291917973,1658
29093,0.322635135135135,592
29095,0.287645711772088,77293
29097,0.285743801652893,9680
29099,0.222859238025399,30001
18001,0.211476168440537,2161
26021,0.240294603524229,14528
17111,0.172689101702277,48347
18003,0.208303816182585,32467
34041,0.183373170002988,13388
26023,0.292089249492901,2958
42061,0.244077134986226,1815
17113,0.1256038647343,15318
18005,0.157454436809083,6694
17115,0.224833929483904,7828
26025,0.292701393095094,13208
42063,0.260436893203883,4120
18007,0.261146496815287,628
26027,0.249082667817829,4633
17117,0.235211267605634,4260
48401,0.288772597526166,2102
42065,0.322255790533736,1986
18009,0.402649006622517,755
42067,0.162557077625571,1095
17119,0.212694483734088,28280
26029,0.218927169646751,2293
48403,0.303418803418803,234
48405,0.394957983193277,119
42069,0.225085910652921,15132
48407,0.382281553398058,824
48409,0.247530341518487,3543
18011,0.134955752212389,6328
17121,0.290819470117067,1623
26031,0.315909090909091,1320
18013,0.187947494033413,1676
17123,0.23142509135201,821
42071,0.142467857408279,40367
26033,0.300079808459697,1253
18015,0.203410475030451,1642
17125,0.339712918660287,627
26035,0.293193717277487,2101
42073,0.272557982055189,5907
18017,0.338934426229508,2440
48411,0.337078651685393,89
17127,0.303240740740741,432
26037,0.164521081847171,8467
42075,0.170228178196306,11044
18019,0.203086020511873,10823
48413,0.56140350877193,57
17129,0.154589371980676,1242
42077,0.191979279330563,35134
26039,0.301151461470328,1129
48415,0.394117647058824,510
42079,0.244788906553612,22644
48417,0.418918918918919,74
48419,0.527868852459016,305
18021,0.241531664212077,2037
17131,0.298561151079137,1390
26041,0.228405315614618,1204
18023,0.295716945996276,2685
17133,0.12722371967655,3710
42081,0.200731707317073,8200
26043,0.242286751361162,1102
18025,0.247906197654941,597
42083,0.279166666666667,1680
26045,0.215699373695198,11975
17135,0.29739010989011,1456
18027,0.27906976744186,1032
48421,0.307692307692308,52
42085,0.258222343027997,7358
17137,0.196929592376919,1889
26047,0.202702702702703,2442
18029,0.172890216579537,5356
42087,0.278602202010531,2089
48423,0.207432950191571,13050
26049,0.267321270962048,45320
17139,0.249190938511327,618
48425,0.272493573264781,389
42089,0.29015195660944,22309
30101,0.212264150943396,212
48427,0.522697795071336,771
48429,0.406779661016949,118
30105,0.116666666666667,240
18031,0.226643598615917,1734
17141,0.224315068493151,4088
26051,0.220289855072464,2070
18033,0.219300552195635,3803
17143,0.182270039008431,15894
42091,0.120285907080199,80026
26053,0.281464530892448,874
18035,0.263845675171126,8035
42093,0.181978798586572,1132
26055,0.178192178192178,7722
17145,0.342618384401114,718
18037,0.160414610069102,2026
42095,0.175682732774245,32553
26057,0.291619691845171,2661
17147,0.161552911709455,1597
18039,0.226107770447779,17129
17149,0.208403361344538,595
42097,0.296103896103896,4620
26059,0.273604060913706,3940
48435,0.25,88
42099,0.180926019124308,3974
31001,0.281050955414013,1256
48437,0.329608938547486,179
21201,0.352941176470588,68
30111,0.118445354533044,12453
31003,0.388888888888889,180
48439,0.227712195220275,148837
21203,0.272141706924316,621
21205,0.203836930455636,834
21207,0.353151010701546,841
51600,0.102352941176471,3400
21209,0.161680458306811,4713
18041,0.260623229461756,1765
17151,0.2,65
26061,0.161790017211704,1162
18043,0.16630793514134,6969
17153,0.34375,96
26063,0.232987312572088,1734
18045,0.299429657794677,1052
17155,0.259786476868327,281
26065,0.247373414385607,28459
18047,0.163845223700121,1654
17157,0.2921875,1280
26067,0.266002364465462,5921
48441,0.209645390070922,7050
18049,0.213525360050094,1597
17159,0.344709897610922,293
26069,0.269360269360269,1782
48445,0.277397260273973,292
22101,0.339906103286385,2130
31011,0.27536231884058,138
21211,0.20226745684102,3881
31013,0.24202626641651,533
22103,0.163338215855096,27991
21213,0.357740585774059,1434
48449,0.39719298245614,1425
22105,0.278560490045942,6530
72101,0.124223602484472,966
21215,0.187083546899026,1951
31017,0.29126213592233,103
22107,0.266233766233766,154
72103,0.0545822102425876,1484
51610,0.0485232067510549,1422
21217,0.305034550839092,1013
22109,0.260514840343227,7109
31019,0.206232813932172,2182
72105,0.128500823723229,607
21219,0.227777777777778,540
72107,0.153658536585366,410
72109,0.112377850162866,614
18051,0.219446922390723,2242
26071,0.214601769911504,904
17161,0.23567335243553,12564
18053,0.328434974283615,4083
17163,0.234648861333015,25161
26073,0.17794028031688,3282
18055,0.275914634146342,1968
26075,0.285635931501006,16409
17165,0.293213828425096,781
18057,0.102505633651679,37276
17167,0.145999326674896,17822
48451,0.254289570079044,5187
26077,0.198047235783085,22737
18059,0.156953966699314,8168
17169,0.18716577540107,187
48453,0.136488696239001,77054
26079,0.310789049919485,1242
23001,0.223258049014897,10405
48455,0.359133126934985,323
13201,0.405940594059406,202
22111,0.465245597775718,1079
31021,0.411042944785276,489
23003,0.241150442477876,3164
48457,0.336082474226804,485
21221,0.248359887535145,1067
22113,0.321052631578947,1900
31023,0.263858093126386,451
23005,0.139303789655598,32404
21223,0.266129032258065,620
48459,0.318407960199005,1809
13205,0.378594249201278,626
31025,0.244998112495281,2649
22115,0.275182892515476,1777
72111,0.15301724137931,464
23007,0.304585900068446,1461
21225,0.306532663316583,597
13207,0.282038085434895,1943
22117,0.293573264781491,1945
31027,0.156657963446475,383
72113,0.0949248120300752,6384
51620,0.3950233281493,643
23009,0.26566852367688,2872
21227,0.161664564943253,7930
31029,0.503703703703704,135
13209,0.331967213114754,244
22119,0.384070796460177,1695
72115,0.135876042908224,839
21229,0.231511254019293,622
72117,0.0914893617021277,470
72119,0.0995128740431455,2874
18061,0.153284671532847,3014
26081,0.206449446824839,62548
17171,0.290748898678414,227
18063,0.143423970124869,17138
17173,0.238317757009346,642
26083,0.205128205128205,78
18065,0.311488049344641,3891
17175,0.330232558139535,430
26085,0.37375415282392,602
18067,0.25654181631606,7796
26087,0.202524327969939,10379
17177,0.212061489948758,2537
18069,0.295483870967742,3100
17179,0.168917372396429,13107
26089,0.141559829059829,1872
48463,0.267776096822995,661
23011,0.274936216741587,8231
48465,0.284810126582279,1896
31031,0.197309417040359,223
13211,0.243977764051884,1619
22121,0.28995756718529,1414
21231,0.340277777777778,1008
23013,0.188272836059035,2507
48467,0.323055683387023,2173
31033,0.326848249027237,514
13213,0.261703076237182,2243
22123,0.292929292929293,297
48469,0.21517500587268,4257
21233,0.356120826709062,629
23015,0.203916560238399,2349
31035,0.343173431734317,271
13215,0.250446858242816,14546
22125,0.233644859813084,642
72121,0.128947368421053,760
23017,0.276068376068376,4680
21235,0.288417865253596,1321
31037,0.349081364829396,381
13217,0.289531451063508,13211
22127,0.457627118644068,354
72123,0.0918448139350752,1263
51630,0.157033805888768,1834
21237,0.418604651162791,172
23019,0.240984908657665,12590
31039,0.254691689008043,373
13219,0.120260328239955,3534
72125,0.140625,896
21239,0.175470008952551,2234
72127,0.062731103276292,23258
72129,0.0927284856571047,1499
18071,0.191395128124011,3161
17181,0.281173594132029,409
26091,0.214369846878681,10188
18073,0.218948153674002,2681
17183,0.259409751924722,4676
26093,0.131858474705792,26172
18075,0.32863436123348,1135
26095,0.305343511450382,262
17185,0.268436578171091,339
18077,0.215750615258409,2438
17187,0.343160377358491,848
26097,0.297539149888143,447
48471,0.272955974842767,1590
18079,0.27841561423651,1742
17189,0.277382645803698,703
48473,0.330194231901118,1699
26099,0.189686059990612,104383
15001,0.227902790279028,16665
23021,0.375776397515528,1288
48475,0.424615384615385,325
15003,0.145368447507308,75601
31041,0.274285714285714,350
13221,0.331266607617361,1129
23023,0.144874476987448,3824
48477,0.281081081081081,1480
31043,0.251025430680886,1219
13223,0.215289648622982,21060
48479,0.379973764757324,11435
23025,0.352094240837696,3056
15007,0.170689322262985,5179
13225,0.256608639587363,1551
31045,0.189922480620155,258
72131,0.154593639575972,1132
23027,0.27040059347181,2696
15009,0.179800147542083,14911
13227,0.234883720930233,3010
31047,0.29612034837688,1263
72133,0.0900216919739696,922
51640,0.272972972972973,370
23029,0.381638846737481,1318
31049,0.51063829787234,94
13229,0.203791469194313,844
72135,0.0598164536217634,6102
72137,0.0921001173249902,5114
72139,0.0578765810655424,5218
18081,0.170063246661982,15653
17191,0.253687315634218,339
18083,0.357551487414188,1748
17193,0.311855670103093,388
18085,0.180386654193951,6414
17195,0.265366430260047,3384
18087,0.211668928086839,2211
17197,0.220961492111167,107874
48481,0.313517338995046,1413
18089,0.276626016260163,44280
48483,0.34375,96
17199,0.211958467597565,2793
06101,0.206285576845987,12473
48485,0.221739130434783,7820
23031,0.173613083884583,24641
31051,0.228260869565217,368
13231,0.250911300121507,1646
06103,0.246212121212121,6336
48487,0.568965517241379,522
31053,0.283408976298538,1983
13233,0.271985157699443,2695
06105,0.192874692874693,814
48489,0.56019656019656,407
13235,0.334285714285714,350
06107,0.288639217796914,44592
31055,0.191045293149736,46188
72141,0.153495440729483,658
06109,0.154448517160946,6002
13237,0.184880239520958,1336
72143,0.0905444126074499,1745
51650,0.279978458592628,16712
13239,0.462962962962963,54
31059,0.361111111111111,180
72145,0.104952443424073,3049
72147,0.175925925925926,108
72149,0.1,420
18091,0.2521987435751,8755
18093,0.345742847294037,2901
18095,0.277704311028828,11343
18097,0.247411694900888,82583
48491,0.137263771612384,39792
18099,0.183320620391559,3933
48493,0.223288268643698,2293
06111,0.117713853141559,110964
48495,0.511363636363636,176
13241,0.201329534662868,1053
31061,0.422535211267606,71
06113,0.151540734487125,21321
48497,0.273080121985029,3607
31063,0.314606741573034,89
06115,0.25967127680898,9978
13243,0.511494252873563,174
48499,0.332199546485261,1764
31065,0.42483660130719,153
13245,0.236158379679588,12047
72151,0.108850457782299,983
31067,0.238439306358382,1384
13247,0.285262158455533,9479
72153,0.0915431560592851,1147
51660,0.133681252509033,2491
13249,0.278787878787879,165
31071,0.338028169014085,71
13251,0.351816443594646,523
13253,0.333333333333333,297
31073,0.225490196078431,102
13255,0.295066045066045,5148
48103,0.472868217054264,129
13257,0.273079906904577,1289
48105,0.571428571428571,98
51670,0.317298347910593,2058
31079,0.336633663366337,2626
48107,0.46242774566474,173
13259,0.264367816091954,87
51678,0.122302158273381,278
31081,0.27563025210084,595
13261,0.238907849829352,1172
49001,0.266666666666667,450
31083,0.252427184466019,103
13263,0.464406779661017,295
48111,0.302325581395349,129
49003,0.161764705882353,4080
48113,0.288268833123295,163462
49005,0.116597263533611,8405
48115,0.323420074349442,269
31087,0.26984126984127,63
13267,0.290523690773067,802
49007,0.18,1300
51680,0.206995963867,5203
13269,0.277272727272727,220
31089,0.352803738317757,428
48117,0.301127214170692,621
48119,0.327044025157233,159
51683,0.237893060899562,7537
51685,0.257575757575758,3564
13271,0.369318181818182,176
49011,0.140673284655564,36567
13273,0.673234811165846,609
48121,0.164701839317465,66927
31093,0.334710743801653,242
49013,0.216654384672071,1357
13275,0.24964605946201,2119
31095,0.336182336182336,351
48123,0.25,504
49015,0.191972076788831,573
31097,0.34412955465587,247
13277,0.191430161380078,1797
49017,0.228571428571429,280
51690,0.309789343246592,807
31099,0.313915857605178,309
13279,0.371511068334937,1039
48127,0.38255033557047,149
20001,0.28130081300813,615
49019,0.127340823970037,534
48129,0.292929292929293,99
20003,0.304347826086957,460
20005,0.351230425055928,894
20007,0.333333333333333,141
20009,0.325560538116592,1115
13281,0.225974025974026,770
49021,0.176070528967254,3970
48131,0.637254901960784,204
13283,0.363636363636364,99
49023,0.209718670076726,782
13285,0.254209104136354,4811
48133,0.404878048780488,410
49025,0.158273381294964,556
13287,0.412213740458015,262
48135,0.392390898918314,5362
49027,0.234314980793854,781
13289,0.408945686900958,313
49029,0.125570776255708,876
20011,0.326116373477673,739
48139,0.246283287044601,12242
20013,0.405451448040886,587
20015,0.192465631137297,5601
20017,0.380281690140845,71
20019,0.395604395604396,91
13291,0.231769361221029,1769
49031,0.137931034482759,58
48141,0.294067167640783,43116
13293,0.364713627386438,1519
49033,0.120253164556962,158
13295,0.32234697573343,5522
48143,0.283876500857633,1166
49035,0.182023283097193,121891
13297,0.210915458702208,10279
48145,0.367816091954023,348
49037,0.190735694822888,367
13299,0.294898672257163,1431
12001,0.16618896242639,19189
48147,0.36986301369863,1460
02201,0.218181818181818,110
20021,0.365403304178814,1029
49039,0.252881355932203,1475
12003,0.230953809238152,1667
48149,0.26219512195122,656
20023,0.3625,80
12005,0.178319077724061,16134
20025,0.229508196721311,61
12007,0.309992706053975,1371
20027,0.244541484716157,458
12009,0.215461057847679,74264
20029,0.306306306306306,333
49041,0.193390452876377,1634
48151,0.547619047619048,84
49043,0.0984822352535357,5798
48153,0.379888268156425,179
49045,0.205117209834191,6996
49047,0.253675084809649,2653
12011,0.289886191254388,272914
48157,0.258985686517053,56590
20031,0.318867924528302,530
49049,0.164295739918819,52722
12013,0.305668016194332,494
48159,0.380281690140845,355
12015,0.227718488606865,20802
20035,0.296359499431172,1758
12017,0.24124388875531,12477
20037,0.284886528247224,2071
12019,0.21060236984435,24221
20039,0.240740740740741,54
49051,0.164860426929392,3045
48161,0.340225563909774,532
49053,0.183047546924866,18487
48163,0.40948275862069,232
49055,0.0793650793650794,126
48165,0.383561643835616,511
49057,0.183046731168475,25529
04001,0.213774597495528,1118
02220,0.178117048346056,393
48167,0.268757135866906,24524
12021,0.210712528409757,42679
20041,0.27906976744186,946
04003,0.190051020408163,10976
48169,0.363636363636364,154
12023,0.304863097670617,2447
20043,0.369047619047619,336
04005,0.125576375944275,10193
54001,0.36604774535809,377
20045,0.120413922859831,9567
04007,0.211279229711142,3635
12027,0.381639722863741,1732
54003,0.196916608269096,14270
20047,0.490566037735849,106
04009,0.245487364620939,1662
12029,0.411594202898551,345
54005,0.30188679245283,848
20049,0.3,50
54007,0.227722772277228,404
54009,0.246858832224686,1353
48171,0.17741935483871,1240
48175,0.211340206185567,194
04011,0.364406779661017,118
48177,0.329718004338395,461
12031,0.271197697586894,103891
04012,0.236111111111111,576
20051,0.164091243561442,1359
04013,0.231498311731412,656886
02232,0.197530864197531,81
12033,0.235944527736132,26680
48179,0.279373368146214,766
20053,0.333333333333333,90
04015,0.241008226516166,20908
54011,0.184945504087193,5872
12035,0.225206611570248,15004
20055,0.163657542224811,1717
04017,0.224907063197026,5380
54013,0.266666666666667,75
12037,0.19515306122449,784
20057,0.202484472049689,1610
04019,0.189183356711847,120481
12039,0.342748735244519,2372
54015,0.349295774647887,355
20059,0.27185278126307,2391
54017,0.355421686746988,166
54019,0.276915373059589,1997
48181,0.279419456066946,7648
48183,0.250593119810202,6744
48185,0.362068965517241,754
04021,0.255754001372429,53919
02240,0.2,220
48187,0.143818334735071,9512
12041,0.256080114449213,699
04023,0.318283917340521,4452
20061,0.234210526315789,1520
12043,0.254826254826255,259
48189,0.279051987767584,1308
20063,0.241758241758242,91
04025,0.160798971143799,24882
12045,0.225439503619442,967
54021,0.220125786163522,159
46003,0.171428571428571,70
20065,0.274509803921569,51
04027,0.220377401258004,17647
12047,0.378125,320
54023,0.486538461538462,520
46005,0.268060836501901,526
20067,0.234817813765182,247
12049,0.366093366093366,814
54025,0.200706001008573,1983
20069,0.155339805825243,206
54027,0.332972387655658,1847
46009,0.217777777777778,225
54029,0.197021764032073,1746
48191,0.42,50
48193,0.356846473029046,241
48195,0.224489795918367,98
48197,0.593220338983051,59
12051,0.421794871794872,1560
12053,0.2830956357874,23349
48199,0.227848101265823,2686
37101,0.201982132886656,14328
20073,0.385915492957746,355
46011,0.130488559059988,1617
54031,0.342741935483871,744
12055,0.309132814750792,6942
46013,0.137931034482759,2175
37103,0.25,404
54033,0.211076026232694,4117
12057,0.269515563854004,156388
46015,0.137566137566138,189
20077,0.435540069686411,287
37105,0.180866965620329,4014
12059,0.394970414201183,676
54035,0.164137931034483,1450
20079,0.204305442729488,2462
37107,0.287625418060201,2392
54037,0.158207217694994,8590
46019,0.209267563527653,669
37109,0.216666666666667,6240
54039,0.171168129642134,11848
12061,0.21259017202047,16219
02261,0.13031914893617,376
20081,0.214285714285714,126
38001,0.230769230769231,117
12063,0.297435897435897,2145
20083,0.15,60
37111,0.277151639344262,1952
38003,0.169082125603865,414
12065,0.27307206068268,791
54041,0.311170212765957,752
46023,0.151315789473684,152
20085,0.198886237072395,1257
37113,0.150998336106489,2404
38005,0.304347826086957,69
12067,0.278571428571429,140
54043,0.223880597014925,670
46025,0.328638497652582,213
20087,0.220257234726688,1866
37115,0.186560565870911,1131
12069,0.233089957294393,36295
54045,0.302288871349645,1267
20089,0.230769230769231,52
46027,0.151693667157585,679
37117,0.296774193548387,930
38009,0.154228855721393,201
54047,0.545454545454545,176
37119,0.171535109140775,106468
46029,0.154735437972432,2249
54049,0.193257074051776,3322
12071,0.296244828683569,94270
20091,0.124691771439009,65698
38011,0.204545454545455,132
29101,0.205244848809205,3737
12073,0.1705474619184,24093
20093,0.285714285714286,91
37121,0.214369846878681,849
54051,0.210382513661202,1830
12075,0.289246693502013,1739
20095,0.306976744186047,430
46033,0.155025553662692,587
37123,0.312561819980218,1011
12077,0.24901185770751,253
29105,0.219363279546446,2293
54053,0.195953141640043,939
38015,0.10625099411484,6287
20097,0.379310344827586,58
46035,0.168939393939394,1320
37125,0.134517766497462,7092
29107,0.238171869971033,3107
38017,0.124538821021563,12197
54055,0.25337714494341,2739
12079,0.286902286902287,481
46037,0.188925081433225,307
20099,0.350151362260343,991
37127,0.240454076367389,5814
54057,0.231918708906157,1673
29109,0.292708700246566,2839
38019,0.341666666666667,120
46039,0.260536398467433,261
37129,0.153506226844619,22403
54059,0.283393501805054,554
02280,0.228395061728395,162
12081,0.197175071242721,40355
38021,0.232876712328767,219
29111,0.484375,128
12083,0.267717774420947,31776
37131,0.375,560
29113,0.239834157231702,6271
54061,0.101754385964912,5700
12085,0.154354316204027,15743
46043,0.214285714285714,56
37133,0.11704795926123,13157
12086,0.346950409131183,306992
38025,0.2,80
54063,0.213114754098361,488
12087,0.134737131846958,7266
29115,0.297297297297297,407
46045,0.185430463576159,151
37135,0.0838050950262839,9892
38027,0.173076923076923,52
29117,0.210852713178295,645
54065,0.185281837160752,1916
12089,0.172658803467387,7037
46047,0.222707423580786,458
37137,0.177248677248677,756
38029,0.26984126984127,63
29119,0.344797178130511,1134
54067,0.250943396226415,1060
46049,0.380952380952381,63
37139,0.237806725234777,3301
54069,0.181705298013245,2416
02290,0.25,52
12091,0.168718831369434,22659
12093,0.311497326203209,2244
29121,0.247706422018349,545
38031,0.215686274509804,153
46051,0.184615384615385,520
37141,0.162844036697248,3924
54071,0.477987421383648,159
29123,0.376774193548387,775
12095,0.269619120230716,150835
46053,0.125,80
37143,0.239506172839506,810
29125,0.331786542923434,431
54073,0.262086513994911,393
38035,0.149419609780193,4049
12097,0.343541517934074,40621
37145,0.219437115215479,2274
29127,0.342560553633218,1156
12099,0.229623040756681,181001
54075,0.159468438538206,301
01001,0.154977375565611,4420
37147,0.166064026810124,11339
46057,0.223618090452261,398
38039,0.158730158730159,63
29129,0.245762711864407,118
54077,0.180446194225722,1524
46059,0.307692307692308,78
37149,0.156323644933229,1273
01003,0.174474565945781,16415
54079,0.12626575738789,4839
01005,0.376923076923077,910
51001,0.260249554367201,1683
01007,0.318471337579618,942
51003,0.100233336715025,9857
01009,0.272412085190688,4038
51005,0.244536940686785,961
51007,0.25121107266436,1445
51009,0.224567327986492,2369
29131,0.339821573398216,1233
46061,0.259459459459459,185
37151,0.203161970316197,9298
38043,0.362068965517241,58
29133,0.445086705202312,346
54081,0.23284687431932,4591
37153,0.298098434004474,1788
29135,0.244716351501669,899
38045,0.305555555555556,108
54083,0.26255230125523,956
46065,0.125720876585928,867
37155,0.320430107526882,3255
29137,0.336601307189543,306
54085,0.292753623188406,345
01011,0.478527607361963,163
46067,0.266891891891892,296
37157,0.263891338860469,5669
38049,0.180487804878049,205
29139,0.297554347826087,736
54087,0.350109409190372,457
37159,0.244273174909013,9342
01013,0.453815261044177,747
54089,0.221461187214612,438
01015,0.274116276058526,7723
51011,0.188221709006928,866
42101,0.289392873990868,112349
01017,0.324681933842239,1965
42103,0.26830051369863,9344
51013,0.0592487471728236,22549
01019,0.273692810457516,1224
51015,0.188005291783037,6803
42105,0.252482269503546,705
51017,0.196891191709845,193
42107,0.282115015252514,8851
42109,0.244028405422853,1549
51019,0.136728028503563,6736
29141,0.315647482014388,1112
37161,0.223627556512379,3716
38053,0.236111111111111,72
29143,0.319397993311037,598
54091,0.304487179487179,624
37163,0.280565693430657,2192
54093,0.307317073170732,205
38055,0.205438066465257,331
29145,0.257734303912648,4396
37165,0.276923076923077,1430
38057,0.210526315789474,228
29147,0.139041633935585,1273
54095,0.283582089552239,335
46077,0.189189189189189,185
01021,0.322974036191975,2542
37167,0.290868924889544,2716
38059,0.14765784114053,1964
29149,0.280898876404494,267
54097,0.347757671125098,1271
46079,0.12483039348711,737
01023,0.524421593830334,389
37169,0.220180305131761,2884
54099,0.22082931533269,2074
01025,0.493243243243243,1184
51021,0.150197628458498,253
42111,0.215866699825914,4021
01027,0.31057268722467,454
42113,0.187022900763359,262
51023,0.143327348892879,3342
01029,0.341891891891892,740
51025,0.345811051693405,561
42115,0.251179245283019,2544
51027,0.393687707641196,602
42117,0.19795003203075,1561
51029,0.292565947242206,417
42119,0.191256830601093,1830
29151,0.239224137931035,928
38061,0.144827586206897,145
46081,0.15322171486555,1971
37171,0.235208886742333,4141
38063,0.2,65
29153,0.262948207171315,251
37173,0.173431734317343,542
46083,0.0933572710951526,5013
29155,0.451351351351351,370
46085,0.232142857142857,56
37175,0.190045248868778,1989
29157,0.286905754795663,1199
38067,0.329588014981273,267
37177,0.270440251572327,159
46087,0.268493150684932,365
01031,0.152123995407577,3484
38069,0.125786163522013,159
29159,0.2882096069869,2061
01033,0.282901296111665,4012
37179,0.166355372929897,24093
01035,0.481818181818182,330
51031,0.197201017811705,3930
42121,0.30812854442344,2645
01037,0.333333333333333,297
51033,0.284420289855072,4968
42123,0.272357723577236,2214
01039,0.30325960419092,1718
51035,0.197743861977439,1507
42125,0.205268210728429,16666
51036,0.321656050955414,628
51037,0.3296875,640
42127,0.236111111111111,4464
42129,0.20318623893163,27556
38071,0.195180722891566,415
29161,0.226323457989315,2059
46091,0.22,150
37181,0.286343612334802,1589
38073,0.153846153846154,260
29163,0.398015435501654,907
46093,0.177984909010209,2253
37183,0.123237372334845,97227
38075,0.22093023255814,86
29165,0.166792666792667,10582
37185,0.287477954144621,567
38077,0.20051085568327,783
29167,0.255725190839695,2358
46097,0.130434782608696,69
01041,0.328859060402685,447
37187,0.368421052631579,494
29169,0.177929547088426,2782
38079,0.265822784810127,79
46099,0.118919673389629,14329
37189,0.111226972540841,2877
01043,0.339341857053029,4771
35001,0.167359608955811,71194
01045,0.224343675417661,2514
35003,0.0508474576271187,59
51041,0.199113441169576,46923
42131,0.204594017094017,1872
01047,0.354139290407359,1522
51043,0.12810707456979,2092
42133,0.183222910417161,46337
35005,0.26885610910103,3593
35006,0.36036036036036,555
01049,0.275548060708263,2965
51045,0.484234234234234,444
35007,0.240770465489567,623
51047,0.2203125,7680
35009,0.240987983978638,2996
51049,0.303149606299213,1016
38081,0.214814814814815,135
29171,0.368,125
37191,0.192534670994394,6778
29173,0.285398230088496,452
37193,0.223431681466628,3491
29175,0.288659793814433,1164
37195,0.238805970149254,4556
29177,0.30772391125719,2434
01051,0.15633646928611,7228
37197,0.208047105004907,2038
38089,0.127801332525742,1651
29179,0.518867924528302,212
01053,0.393117140966248,1511
37199,0.200236966824645,844
35011,0.333333333333333,57
26101,0.300727566693614,1237
01055,0.291877417435287,6722
35013,0.191821147267086,12569
51051,0.394052044609665,538
26103,0.215512465373961,3610
01057,0.322033898305085,590
51053,0.299892895394502,2801
26105,0.275796178343949,1570
35015,0.34917517674784,2546
01059,0.420681551116334,1702
35017,0.18946474086661,1177
26107,0.234756097560976,2624
35019,0.4,100
26109,0.286674816625917,1636
51057,0.244245524296675,782
51059,0.101677678615453,162248
29181,0.344647519582245,383
38093,0.193548387096774,930
29183,0.155846723462382,55638
38095,0.269230769230769,52
29185,0.366666666666667,270
29186,0.250983477576711,1271
38097,0.210629921259843,508
29187,0.283533049864708,5174
01061,0.373668188736682,1314
38099,0.308411214953271,428
29189,0.242208904109589,128480
01063,0.504807692307692,208
27001,0.249252243270189,1003
17201,0.240759172186567,29137
26111,0.131553465209573,7229
01065,0.262931034482759,696
27003,0.18987483486711,44661
17203,0.147838616714697,3470
51061,0.138481409724144,10839
26113,0.245119305856833,922
35023,0.543859649122807,57
01067,0.291497975708502,988
27005,0.209223847019123,2667
51063,0.168514412416851,902
26115,0.179986101459347,15829
35025,0.358927259368112,2722
27007,0.24518479958355,1921
01069,0.220849933598938,7530
51065,0.183351769911504,3616
26117,0.315019011406844,5260
35027,0.175919732441472,1495
27009,0.192204301075269,3720
35028,0.0408163265306122,2058
35029,0.315524193548387,992
51067,0.188490214352283,4292
26119,0.274809160305344,655
51069,0.190195327460743,13055
29195,0.276,1500
29197,0.432098765432099,81
01071,0.300920368147259,2499
29199,0.2,70
27011,0.25,216
01073,0.280818472422802,61627
18101,0.2925,400
35031,0.224111282843895,1294
26121,0.287673738112655,16404
01075,0.286842105263158,380
18103,0.337400084139672,2377
27013,0.158106960950764,4712
35033,0.3375,80
26123,0.265155508697944,3794
51071,0.219145569620253,1264
01077,0.222951896240355,6091
27015,0.239370078740158,1270
18105,0.140809443507589,9488
51073,0.182779456193353,4634
26125,0.156155254889231,163267
35035,0.199452617174136,2923
01079,0.304420817011752,1787
27017,0.224597273853779,3228
18107,0.204266321913381,3094
35037,0.410958904109589,219
51075,0.127922971114168,2908
26127,0.25977366255144,1944
48501,0.337662337662338,231
27019,0.120226656812023,12177
18109,0.212153518123667,7504
51077,0.240066225165563,604
26129,0.322175732217573,1195
35039,0.229151014274981,1331
48503,0.43778801843318,434
51079,0.160593220338983,2360
48505,0.373333333333333,150
48507,0.716417910447761,67
01081,0.160977501939488,10312
19001,0.339047619047619,525
01083,0.188528518932737,6259
27021,0.225499524262607,2102
18111,0.344020797227036,1154
35041,0.298882681564246,716
26131,0.28310502283105,219
19003,0.296052631578947,152
01085,0.401985111662531,403
27023,0.292243767313019,722
18113,0.235069539132806,3667
19005,0.20625,320
35043,0.176446353952092,16991
51081,0.354679802955665,406
26133,0.26,1550
27025,0.196493106679159,7471
18115,0.202979515828678,537
01087,0.411589895988113,673
35045,0.21511154535092,6141
51083,0.285292380389841,1693
19007,0.325,480
26135,0.352826510721248,513
27027,0.160520607375271,5071
01089,0.17515612802498,30744
18117,0.321100917431193,1090
19009,0.354948805460751,293
51085,0.133425145819832,12344
26137,0.227762803234501,1484
35047,0.3080204778157,1172
27029,0.294784580498866,441
18119,0.26696542893726,1562
26139,0.133973173897652,25423
51087,0.196262400984388,39009
35049,0.13209900860088,15231
51089,0.27,2800
01091,0.349275362318841,690
19011,0.206342834203131,2491
27031,0.112403100775194,258
01093,0.333969465648855,1048
18121,0.268415741675076,991
35051,0.301762114537445,454
19013,0.176428635107426,11217
26141,0.219178082191781,584
27033,0.291902071563089,531
01095,0.263270689086713,6066
18123,0.279379157427938,902
35053,0.220183486238532,545
19015,0.265407554671968,2012
51091,0.178571428571429,56
26143,0.278481012658228,2133
18125,0.310965630114566,611
01097,0.284145273229567,29682
27035,0.220363118547526,5618
19017,0.136792452830189,2332
26145,0.234234766178555,16936
51093,0.184174932371506,4436
35055,0.214111922141119,2055
01099,0.33695652173913,1012
27037,0.150075385626474,51734
18127,0.181433845420984,16794
35057,0.25531914893617,517
19019,0.241428571428571,1400
26147,0.215577643799902,18411
51095,0.111451594597662,8811
27039,0.211146352514726,2207
18129,0.184055118110236,2032
35059,0.45398773006135,163
51097,0.260245901639344,488
26149,0.300721370604148,4436
51099,0.174431503050471,3606
40001,0.332903225806452,775
40003,0.347368421052632,95
40005,0.416666666666667,228
40007,0.285714285714286,105
40009,0.338805970149254,670
19021,0.208428246013667,878
18131,0.247395833333333,768
27041,0.178286129266521,2754
35061,0.223201174743025,5448
19023,0.225581395348837,1290
26151,0.269379165205191,2851
27043,0.412422360248447,805
18133,0.204260651629073,3192
19025,0.334224598930481,374
26153,0.171052631578947,380
27045,0.208080808080808,1485
18135,0.335710041592395,1683
19027,0.250588235294118,850
26155,0.248948208327289,6893
27047,0.266092475067996,2206
18137,0.199576495500265,1889
19029,0.342274678111588,932
26157,0.277297170914192,4277
18139,0.298540145985402,1370
27049,0.201709796672828,4328
26159,0.241547365214743,6566
31101,0.307692307692308,442
40011,0.352941176470588,272
40013,0.293546544831525,1751
31105,0.434210526315789,152
40015,0.406940063091483,951
31107,0.217054263565891,258
40017,0.190893169877408,11420
51700,0.244735610669162,19233
31109,0.127492542000314,25476
40019,0.306106264869152,2522
19031,0.212365591397849,1488
27051,0.297297297297297,333
18141,0.232475818069562,24295
19033,0.195008319467554,3005
26161,0.129985435805512,35704
27053,0.172976165238196,132076
18143,0.279596977329975,1588
19035,0.255555555555556,450
26163,0.356587417127843,197141
27055,0.159303049159925,1607
18145,0.215711361310133,3908
19037,0.311440677966102,472
26165,0.275960752248569,2446
18147,0.308781869688385,1059
27057,0.197327044025157,1272
19039,0.295366795366795,518
27059,0.250740031342504,5743
18149,0.268627450980392,2040
32001,0.21759697256386,2114
31111,0.259893048128342,1870
40021,0.285714285714286,1995
32003,0.242643542100103,334536
40023,0.429530201342282,298
32005,0.104880436302615,7151
32007,0.208490566037736,3180
40027,0.176258668828245,22206
51710,0.273201343468269,22628
31119,0.258241758241758,1456
40029,0.412371134020619,97
