puma_geoid,hc_share,n_orig
102100,0.186568506264319,7848
102600,0.174474565945781,16415
102400,0.287334164370941,1660
101700,0.344445945943589,879
100800,0.234649201716413,5939
102300,0.212044375568997,2128
101100,0.274116276058526,7723
101800,0.304127273544558,2160
101000,0.307967817463639,2581
102200,0.420699823252069,929
100100,0.252143577629757,4527
100700,0.341431214611626,3867
102500,0.228301164040621,4815
100400,0.285362965182003,2766
100900,0.291877417435287,6722
101400,0.312203612353651,2162
101301,0.280818472422802,61627
101302,0.280818472422802,61627
101303,0.280818472422802,61627
101304,0.280818472422802,61627
101305,0.280818472422802,61627
100600,0.246137106437451,7149
101900,0.160977501939488,10312
100200,0.177284393923493,18947
100301,0.17515612802498,30744
100302,0.17515612802498,30744
100500,0.212180347150765,11347
102701,0.284145273229567,29682
102702,0.284145273229567,29682
102703,0.284145273229567,29682
102000,0.228034304537968,17607
101500,0.18138600885386,11150
101200,0.15023681464237,24914
101600,0.178006620080912,13595
200400,0.147465886624888,203
200101,0.132154778093708,32356
200102,0.132154778093708,32356
200300,0.146868263643737,4660
200200,0.157833272052682,7466
400300,0.223554364644201,3677
400900,0.206430661643877,9245
400400,0.125576375944275,10193
400800,0.244853529302319,7658
400600,0.240994457130925,19020
400100,0.231498311731412,656886
400101,0.231498311731412,656886
400102,0.231498311731412,656886
400103,0.231498311731412,656886
400104,0.231498311731412,656886
400105,0.231498311731412,656886
400106,0.231498311731412,656886
400107,0.231498311731412,656886
400108,0.231498311731412,656886
400109,0.231498311731412,656886
400110,0.231498311731412,656886
400111,0.231498311731412,656886
400112,0.231498311731412,656886
400113,0.231498311731412,656886
400114,0.231498311731412,656886
400115,0.231498311731412,656886
400116,0.231498311731412,656886
400117,0.231498311731412,656886
400118,0.231498311731412,656886
400119,0.231498311731412,656886
400120,0.231498311731412,656886
400121,0.231498311731412,656886
400122,0.231498311731412,656886
400123,0.231498311731412,656886
400124,0.231498311731412,656886
400125,0.231498311731412,656886
400126,0.231498311731412,656886
400127,0.231498311731412,656886
400128,0.231498311731412,656886
400129,0.231498311731412,656886
400130,0.231498311731412,656886
400131,0.231498311731412,656886
400132,0.231498311731412,656886
400133,0.231498311731412,656886
400134,0.231498311731412,656886
400201,0.189183356711847,120481
400202,0.189183356711847,120481
400203,0.189183356711847,120481
400204,0.189183356711847,120481
400205,0.189183356711847,120481
400206,0.189183356711847,120481
400207,0.189183356711847,120481
400208,0.189183356711847,120481
400209,0.189183356711847,120481
400803,0.255754001372429,53919
400805,0.255754001372429,53919
400807,0.255754001372429,53919
400500,0.160798971143799,24882
400700,0.220377401258004,17647
501700,0.275117920910821,2726
501800,0.351473984912707,391
500300,0.290383627890278,1862
500100,0.154046997389034,24895
501900,0.361055122164056,796
501600,0.206279192591942,4564
500500,0.243279510788119,3869
500400,0.258139732013014,873
501300,0.255817259540328,1689
500600,0.300697593629428,2804
501400,0.230772841655265,6738
500700,0.416467259626437,656
501100,0.175183840553465,7387
501500,0.33360240511374,683
502000,0.309015408368547,1130
500800,0.250992373111772,2733
500900,0.199832979574794,28739
501000,0.199832979574794,28739
501200,0.172426205903528,8334
500200,0.173458445040214,18650
600101,0.127268370036865,196121
600102,0.127268370036865,196121
600103,0.127268370036865,196121
600104,0.127268370036865,196121
600105,0.127268370036865,196121
600106,0.127268370036865,196121
600107,0.127268370036865,196121
600108,0.127268370036865,196121
600109,0.127268370036865,196121
600110,0.127268370036865,196121
600300,0.164771100726454,4801
600701,0.170999308095285,20234
600702,0.170999308095285,20234
601100,0.246672021586872,4232
601301,0.144770281910938,186903
601302,0.144770281910938,186903
601303,0.144770281910938,186903
601304,0.144770281910938,186903
601305,0.144770281910938,186903
601306,0.144770281910938,186903
601307,0.144770281910938,186903
601308,0.144770281910938,186903
601309,0.144770281910938,186903
601500,0.176705684820836,2460
601700,0.119438335307055,29555
601901,0.264599302458881,102933
601902,0.264599302458881,102933
601903,0.264599302458881,102933
601904,0.264599302458881,102933
601905,0.264599302458881,102933
601906,0.264599302458881,102933
601907,0.264599302458881,102933
602300,0.145907473309609,9835
602500,0.336911544227886,16675
602901,0.294965206713058,109935
602902,0.294965206713058,109935
602903,0.294965206713058,109935
602904,0.294965206713058,109935
602905,0.294965206713058,109935
603100,0.279796239418683,13349
603300,0.185504151871652,6882
603701,0.197613009128862,1048433
603702,0.197613009128862,1048433
603703,0.197613009128862,1048433
603704,0.197613009128862,1048433
603705,0.197613009128862,1048433
603706,0.197613009128862,1048433
603707,0.197613009128862,1048433
603708,0.197613009128862,1048433
603709,0.197613009128862,1048433
603710,0.197613009128862,1048433
603711,0.197613009128862,1048433
603712,0.197613009128862,1048433
603713,0.197613009128862,1048433
603714,0.197613009128862,1048433
603715,0.197613009128862,1048433
603716,0.197613009128862,1048433
603717,0.197613009128862,1048433
603718,0.197613009128862,1048433
603719,0.197613009128862,1048433
603720,0.197613009128862,1048433
603721,0.197613009128862,1048433
603722,0.197613009128862,1048433
603723,0.197613009128862,1048433
603724,0.197613009128862,1048433
603725,0.197613009128862,1048433
603726,0.197613009128862,1048433
603727,0.197613009128862,1048433
603728,0.197613009128862,1048433
603729,0.197613009128862,1048433
603730,0.197613009128862,1048433
603731,0.197613009128862,1048433
603732,0.197613009128862,1048433
603733,0.197613009128862,1048433
603734,0.197613009128862,1048433
603735,0.197613009128862,1048433
603736,0.197613009128862,1048433
603737,0.197613009128862,1048433
603738,0.197613009128862,1048433
603739,0.197613009128862,1048433
603740,0.197613009128862,1048433
603741,0.197613009128862,1048433
603742,0.197613009128862,1048433
603743,0.197613009128862,1048433
603744,0.197613009128862,1048433
603745,0.197613009128862,1048433
603746,0.197613009128862,1048433
603747,0.197613009128862,1048433
603748,0.197613009128862,1048433
603749,0.197613009128862,1048433
603750,0.197613009128862,1048433
603751,0.197613009128862,1048433
603752,0.197613009128862,1048433
603753,0.197613009128862,1048433
603754,0.197613009128862,1048433
603755,0.197613009128862,1048433
603756,0.197613009128862,1048433
603757,0.197613009128862,1048433
603758,0.197613009128862,1048433
603759,0.197613009128862,1048433
603760,0.197613009128862,1048433
603761,0.197613009128862,1048433
603762,0.197613009128862,1048433
603763,0.197613009128862,1048433
603764,0.197613009128862,1048433
603765,0.197613009128862,1048433
603766,0.197613009128862,1048433
603767,0.197613009128862,1048433
603768,0.197613009128862,1048433
603769,0.197613009128862,1048433
603900,0.274414008892792,18217
604101,0.0484987735585432,32207
604102,0.0484987735585432,32207
604701,0.268210502270067,35021
604702,0.268210502270067,35021
605301,0.16409430707303,43475
605302,0.16409430707303,43475
605303,0.16469599173144,28842
605500,0.102545672356993,16695
605700,0.105496021227592,13043
605901,0.122336133524925,361880
605902,0.122336133524925,361880
605903,0.122336133524925,361880
605904,0.122336133524925,361880
605905,0.122336133524925,361880
605906,0.122336133524925,361880
605907,0.122336133524925,361880
605908,0.122336133524925,361880
605909,0.122336133524925,361880
605910,0.122336133524925,361880
605911,0.122336133524925,361880
605912,0.122336133524925,361880
605913,0.122336133524925,361880
605914,0.122336133524925,361880
605915,0.122336133524925,361880
605916,0.122336133524925,361880
605917,0.122336133524925,361880
605918,0.122336133524925,361880
606101,0.115862635669531,58414
606102,0.115862635669531,58414
606103,0.115862635669531,58414
606501,0.24404725297253,390240
606502,0.24404725297253,390240
606503,0.24404725297253,390240
606504,0.24404725297253,390240
606505,0.24404725297253,390240
606506,0.24404725297253,390240
606507,0.24404725297253,390240
606508,0.24404725297253,390240
606509,0.24404725297253,390240
606510,0.24404725297253,390240
606511,0.24404725297253,390240
606512,0.24404725297253,390240
606513,0.24404725297253,390240
606514,0.24404725297253,390240
606515,0.24404725297253,390240
606701,0.202319688618375,229686
606702,0.202319688618375,229686
606703,0.202319688618375,229686
606704,0.202319688618375,229686
606705,0.202319688618375,229686
606706,0.202319688618375,229686
606707,0.202319688618375,229686
606708,0.202319688618375,229686
606709,0.202319688618375,229686
606710,0.202319688618375,229686
606711,0.202319688618375,229686
606712,0.202319688618375,229686
607101,0.278585828245311,346238
607102,0.278585828245311,346238
607103,0.278585828245311,346238
607104,0.278585828245311,346238
607105,0.278585828245311,346238
607106,0.278585828245311,346238
607107,0.278585828245311,346238
607108,0.278585828245311,346238
607109,0.278585828245311,346238
607110,0.278585828245311,346238
607111,0.278585828245311,346238
607112,0.278585828245311,346238
607113,0.278585828245311,346238
607114,0.278585828245311,346238
607115,0.278585828245311,346238
607301,0.123476114505885,398652
607302,0.123476114505885,398652
607303,0.123476114505885,398652
607304,0.123476114505885,398652
607305,0.123476114505885,398652
607306,0.123476114505885,398652
607307,0.123476114505885,398652
607308,0.123476114505885,398652
607309,0.123476114505885,398652
607310,0.123476114505885,398652
607311,0.123476114505885,398652
607312,0.123476114505885,398652
607313,0.123476114505885,398652
607314,0.123476114505885,398652
607315,0.123476114505885,398652
607316,0.123476114505885,398652
607317,0.123476114505885,398652
607318,0.123476114505885,398652
607319,0.123476114505885,398652
607320,0.123476114505885,398652
607321,0.123476114505885,398652
607322,0.123476114505885,398652
607501,0.0596418779406289,59086
607502,0.0596418779406289,59086
607503,0.0596418779406289,59086
607504,0.0596418779406289,59086
607505,0.0596418779406289,59086
607506,0.0596418779406289,59086
607507,0.0596418779406289,59086
607701,0.239136473325116,115202
607702,0.239136473325116,115202
607703,0.239136473325116,115202
607704,0.239136473325116,115202
607901,0.0852107883520183,27919
607902,0.0852107883520183,27919
608101,0.0808384980799981,85677
608102,0.0808384980799981,85677
608103,0.0808384980799981,85677
608104,0.0808384980799981,85677
608105,0.0808384980799981,85677
608106,0.0808384980799981,85677
608301,0.111530533687635,40267
608302,0.111530533687635,40267
608303,0.111530533687635,40267
608501,0.0908924977983016,219149
608502,0.0908924977983016,219149
608503,0.0908924977983016,219149
608504,0.0908924977983016,219149
608505,0.0908924977983016,219149
608506,0.0908924977983016,219149
608507,0.0908924977983016,219149
608508,0.0908924977983016,219149
608509,0.0908924977983016,219149
608510,0.0908924977983016,219149
608511,0.0908924977983016,219149
608512,0.0908924977983016,219149
608513,0.0908924977983016,219149
608514,0.0908924977983016,219149
608701,0.0868538441353975,26677
608702,0.0868538441353975,26677
608900,0.185536600953739,20341
609501,0.199854308030595,74129
609502,0.199854308030595,74129
609503,0.199854308030595,74129
609701,0.0986175263022838,62352
609702,0.0986175263022838,62352
609703,0.0986175263022838,62352
609901,0.235330537481163,85603
609902,0.235330537481163,85603
609903,0.235330537481163,85603
609904,0.235330537481163,85603
610100,0.226497692615779,11394
610701,0.288639217796914,44592
610702,0.288639217796914,44592
610703,0.288639217796914,44592
611101,0.117713853141559,110964
611102,0.117713853141559,110964
611103,0.117713853141559,110964
611104,0.117713853141559,110964
611105,0.117713853141559,110964
611106,0.117713853141559,110964
611300,0.151540734487125,21321
800804,0.107623231271471,34369
800805,0.189186646694022,56656
800806,0.204071138535738,56397
800807,0.204071138535738,56397
800809,0.164922390176464,74794
800810,0.170556804149133,71440
800817,0.125595456274959,71543
800824,0.171798061027512,59817
800800,0.299672398287103,1205
800808,0.163412412372767,75747
800811,0.163412412372767,75747
800815,0.172537106742827,74539
800820,0.153793084730736,74780
800900,0.111915102184001,3212
800100,0.207981501358785,2493
800801,0.116953247035012,53920
800802,0.100222176969561,33997
800803,0.0714326862146437,34718
800600,0.229558324271586,3404
801002,0.167989657883141,5734
800812,0.17446963170364,74288
800813,0.17446963170364,74288
800814,0.17446963170364,74288
800816,0.17446963170364,74288
800821,0.103837301303189,56660
800822,0.094794425221812,51733
800823,0.0956856624197821,43346
800400,0.0928078564743859,4594
804101,0.149898034145457,62909
804102,0.149862476442724,78532
804103,0.149862476442724,78532
804104,0.149862476442724,78532
804105,0.149862476442724,78532
804106,0.149862476442724,78532
800200,0.146887555903109,4715
800818,0.123999110320285,71936
800819,0.123999110320285,71936
800102,0.106879268561357,36312
800103,0.106879268561357,36312
801001,0.167317775264727,19454
800700,0.265131693703122,17199
800300,0.173739313591872,32284
900100,0.156051390026124,102588
900101,0.156051390026124,102588
900102,0.156051390026124,102588
900103,0.156051390026124,102588
900104,0.156051390026124,102588
900105,0.156051390026124,102588
900300,0.192488843425771,88961
900301,0.192488843425771,88961
900302,0.192488843425771,88961
900303,0.192488843425771,88961
900304,0.192488843425771,88961
900305,0.192488843425771,88961
900306,0.192488843425771,88961
900500,0.164325398617824,22139
900700,0.135088937556754,18721
900900,0.219611962984487,89476
900901,0.219611962984487,89476
900902,0.219611962984487,89476
900903,0.219611962984487,89476
900904,0.219611962984487,89476
900905,0.219611962984487,89476
900906,0.219611962984487,89476
901100,0.183707724724117,28001
901101,0.183707724724117,28001
901300,0.135769872151195,14392
901500,0.247782915182294,13193
1000200,0.199268091134459,16942
1000101,0.200143687763149,59852
1000102,0.200143687763149,59852
1000103,0.200143687763149,59852
1000104,0.200143687763149,59852
1000300,0.173700832615561,17415
1100101,0.161059107500294,67944
1100102,0.161059107500294,67944
1100103,0.161059107500294,67944
1100104,0.161059107500294,67944
1100105,0.161059107500294,67944
1200101,0.16618896242639,19189
1200102,0.16618896242639,19189
1208900,0.17735479738305,5587
1200500,0.180099219654423,11421
1202300,0.302285355751129,1606
1200901,0.215461057847679,74264
1200902,0.215461057847679,74264
1200903,0.215461057847679,74264
1200904,0.215461057847679,74264
1201101,0.289886191254388,272914
1201102,0.289886191254388,272914
1201103,0.289886191254388,272914
1201104,0.289886191254388,272914
1201105,0.289886191254388,272914
1201106,0.289886191254388,272914
1201107,0.289886191254388,272914
1201108,0.289886191254388,272914
1201109,0.289886191254388,272914
1201110,0.289886191254388,272914
1201111,0.289886191254388,272914
1201112,0.289886191254388,272914
1201113,0.289886191254388,272914
1201114,0.289886191254388,272914
1206300,0.291042336047516,1777
1201500,0.227718488606865,20802
1201701,0.24124388875531,12477
1201900,0.21060236984435,24221
1202101,0.210712528409757,42679
1202102,0.210712528409757,42679
1202103,0.210712528409757,42679
1202700,0.317302882972609,4606
1203101,0.271197697586894,103891
1203102,0.271197697586894,103891
1203103,0.271197697586894,103891
1203104,0.271197697586894,103891
1203105,0.271197697586894,103891
1203106,0.271197697586894,103891
1203107,0.271197697586894,103891
1203301,0.235944527736132,26680
1203302,0.235944527736132,26680
1203500,0.238328203938119,18322
1209300,0.339224060191029,2232
1212100,0.334899455255328,813
1205301,0.2830956357874,23349
1205701,0.269515563854004,156388
1205702,0.269515563854004,156388
1205703,0.269515563854004,156388
1205704,0.269515563854004,156388
1205705,0.269515563854004,156388
1205706,0.269515563854004,156388
1205707,0.269515563854004,156388
1205708,0.269515563854004,156388
1206100,0.21259017202047,16219
1206901,0.233089957294393,36295
1206902,0.216011808212678,19877
1206903,0.230346076900337,32043
1207101,0.296244828683569,94270
1207102,0.296244828683569,94270
1207103,0.296244828683569,94270
1207104,0.296244828683569,94270
1207105,0.296244828683569,94270
1207300,0.1705474619184,24093
1207301,0.1705474619184,24093
1208101,0.197175071242721,40355
1208102,0.197175071242721,40355
1208103,0.197175071242721,40355
1208301,0.267717774420947,31776
1208302,0.267717774420947,31776
1208303,0.267717774420947,31776
1208500,0.154354316204027,15743
1208601,0.346950409131183,306992
1208602,0.346950409131183,306992
1208603,0.346950409131183,306992
1208604,0.346950409131183,306992
1208605,0.346950409131183,306992
1208606,0.346950409131183,306992
1208607,0.346950409131183,306992
1208608,0.346950409131183,306992
1208609,0.346950409131183,306992
1208610,0.346950409131183,306992
1208611,0.346950409131183,306992
1208612,0.346950409131183,306992
1208613,0.346950409131183,306992
1208614,0.346950409131183,306992
1208615,0.346950409131183,306992
1208616,0.346950409131183,306992
1208617,0.346950409131183,306992
1208618,0.346950409131183,306992
1208619,0.346950409131183,306992
1208620,0.346950409131183,306992
1208621,0.346950409131183,306992
1208622,0.346950409131183,306992
1208623,0.346950409131183,306992
1208624,0.346950409131183,306992
1208700,0.334685092406231,90714
1209100,0.168718831369434,22659
1209501,0.269619120230716,150835
1209502,0.269619120230716,150835
1209503,0.269619120230716,150835
1209504,0.269619120230716,150835
1209505,0.269619120230716,150835
1209506,0.269619120230716,150835
1209507,0.269619120230716,150835
1209508,0.269619120230716,150835
1209509,0.269619120230716,150835
1209510,0.269619120230716,150835
1209701,0.343541517934074,40621
1209702,0.343541517934074,40621
1209901,0.229623040756681,181001
1209902,0.229623040756681,181001
1209903,0.229623040756681,181001
1209904,0.229623040756681,181001
1209905,0.229623040756681,181001
1209906,0.229623040756681,181001
1209907,0.229623040756681,181001
1209908,0.229623040756681,181001
1209909,0.229623040756681,181001
1209910,0.229623040756681,181001
1209911,0.229623040756681,181001
1210101,0.264462300087907,64841
1210102,0.264462300087907,64841
1210103,0.264462300087907,64841
1210104,0.264462300087907,64841
1210301,0.239325144242976,114217
1210302,0.239325144242976,114217
1210303,0.239325144242976,114217
1210304,0.239325144242976,114217
1210305,0.239325144242976,114217
1210306,0.239325144242976,114217
1210307,0.239325144242976,114217
1210308,0.239325144242976,114217
1210501,0.320492348636061,60120
1210502,0.320492348636061,60120
1210503,0.320492348636061,60120
1210504,0.320492348636061,60120
1210700,0.184337293435192,9374
1210900,0.126396783049144,25863
1211101,0.306959030062649,44374
1211102,0.306959030062649,44374
1211300,0.164212973212309,18068
1211501,0.190683098456155,52013
1211502,0.190683098456155,52013
1211503,0.190683098456155,52013
1211701,0.208238577630763,58044
1211702,0.208238577630763,58044
1211703,0.208238577630763,58044
1211704,0.208238577630763,58044
1212701,0.280731802257688,64225
1212702,0.280731802257688,64225
1212703,0.280731802257688,64225
1212704,0.280731802257688,64225
1301200,0.286817837645033,708
1300500,0.311850000325036,945
1301600,0.282372502982832,1603
1303500,0.28791976631791,2001
1303800,0.232831668569338,8244
1302900,0.217043266795015,9869
1300700,0.270370486032186,1016
1301400,0.314540622627183,10536
1301300,0.323925438487371,884
1300200,0.164258041104255,3965
1300300,0.191324423640319,3698
1304200,0.351619673455754,574
1301900,0.295057800333537,3122
1301100,0.359177585634494,697
1300100,0.195729483260411,5868
1302300,0.266833379642493,10797
1302600,0.29500556167062,4657
1300401,0.207133648474431,23270
1300402,0.207133648474431,23270
1301700,0.25049251006669,13738
1303101,0.152590489709013,30998
1303102,0.152590489709013,30998
1303600,0.179259670040205,7213
1301800,0.233142199817395,1061
1305001,0.360726388684249,27148
1305002,0.360726388684249,27148
1303001,0.169923656791665,83308
1303002,0.169923656791665,83308
1303003,0.169923656791665,83308
1303004,0.169923656791665,83308
1303005,0.169923656791665,83308
1300800,0.273274237990005,1629
1304100,0.11024867040391,13914
1302100,0.175803654795251,14994
1303200,0.214410050371529,1931
1301007,0.217327537342145,100069
1301008,0.270875873186459,74440
1302001,0.270875873186459,74440
1302002,0.270875873186459,74440
1302003,0.270875873186459,74440
1302004,0.270875873186459,74440
1300900,0.290181589100335,4355
1304400,0.263249673039796,16057
1303700,0.203216970051772,1985
1302800,0.232326962056101,2938
1302400,0.154199038105808,13515
1302500,0.231700275139014,4713
1303300,0.107302295918367,25088
1301001,0.207189365418928,107047
1301002,0.207189365418928,107047
1301003,0.207189365418928,107047
1301004,0.207189365418928,107047
1301005,0.207189365418928,107047
1301006,0.207189365418928,107047
1304600,0.207189365418928,107047
1304001,0.193336724313327,98300
1304002,0.193336724313327,98300
1304003,0.193336724313327,98300
1304004,0.193336724313327,98300
1304005,0.193336724313327,98300
1304006,0.193336724313327,98300
1303400,0.190734557595993,16772
1302200,0.27114742754112,3615
1306001,0.220564306733599,28885
1306002,0.220564306733599,28885
1301500,0.197450982496563,11838
1303900,0.213587991703319,7867
1300600,0.209115281501341,7087
1304300,0.287911126443257,11494
1304500,0.215289648622982,21060
1304000,0.236158379679588,12047
1302700,0.208579242838635,6947
1500200,0.227902790279028,16665
1500301,0.145368447507308,75601
1500302,0.145368447507308,75601
1500303,0.145368447507308,75601
1500304,0.145368447507308,75601
1500305,0.145368447507308,75601
1500306,0.145368447507308,75601
1500307,0.145368447507308,75601
1500308,0.145368447507308,75601
1500100,0.178608334612485,11964
1600400,0.15847301109293,22438
1600600,0.171289927649433,34633
1600701,0.135711714442697,52781
1600702,0.135711714442697,52781
1600800,0.135711714442697,52781
1600300,0.167294999561725,1550
1601300,0.170225860854538,5422
1600100,0.144942935100733,3009
1601100,0.214079827233532,2062
1601000,0.159272243991838,1598
1601200,0.166682893583877,10271
1600500,0.228350141257819,20071
1600900,0.214980130166479,4411
1600200,0.164535475840217,17674
1700300,0.269715143401092,1158
1700800,0.291885112014602,376
1700501,0.202131710119429,1639
1702901,0.241986939555162,20862
1702501,0.227516160415974,2474
1700401,0.224953639740937,2325
1700104,0.247750354019693,2406
1702100,0.120513710517182,14405
1701602,0.244888058803048,1135
1700700,0.289651475775457,412
1700600,0.216126438200516,1609
1703401,0.255352578535261,617366
1703407,0.255352578535261,617366
1703408,0.255352578535261,617366
1703409,0.255352578535261,617366
1703410,0.255352578535261,617366
1703411,0.255352578535261,617366
1703412,0.255352578535261,617366
1703413,0.255352578535261,617366
1703414,0.255352578535261,617366
1703415,0.255352578535261,617366
1703416,0.255352578535261,617366
1703417,0.255352578535261,617366
1703418,0.255352578535261,617366
1703419,0.255352578535261,617366
1703420,0.255352578535261,617366
1703421,0.255352578535261,617366
1703422,0.255352578535261,617366
1703501,0.255352578535261,617366
1703502,0.255352578535261,617366
1703503,0.255352578535261,617366
1703504,0.255352578535261,617366
1703520,0.255352578535261,617366
1703521,0.255352578535261,617366
1703522,0.255352578535261,617366
1703523,0.255352578535261,617366
1703524,0.255352578535261,617366
1703525,0.255352578535261,617366
1703526,0.255352578535261,617366
1703527,0.255352578535261,617366
1703528,0.255352578535261,617366
1703529,0.255352578535261,617366
1703530,0.255352578535261,617366
1703531,0.255352578535261,617366
1703532,0.255352578535261,617366
1702601,0.182813094784926,10508
1703202,0.15379120067005,121782
1703203,0.15379120067005,121782
1703204,0.15379120067005,121782
1703205,0.15379120067005,121782
1703207,0.15379120067005,121782
1703208,0.15379120067005,121782
1703209,0.15379120067005,121782
1702200,0.263216914168732,3145
1700900,0.236997502899656,1913
1700202,0.276940287087173,2035
1703700,0.165675275535868,14780
1701001,0.216056659946734,1964
1703005,0.201091681274673,70167
1703007,0.201091681274673,70167
1703008,0.201091681274673,70167
1703009,0.201091681274673,70167
1702300,0.239093959731544,9536
1703306,0.165603160133698,95439
1703307,0.165603160133698,95439
1703308,0.165603160133698,95439
1703309,0.165603160133698,95439
1703310,0.165603160133698,95439
1702400,0.238262580826539,7114
1703601,0.172689101702277,48347
1703602,0.172689101702277,48347
1702000,0.1256038647343,15318
1701500,0.224833929483904,7828
1701204,0.212694483734088,28280
1701205,0.212694483734088,28280
1702700,0.219949336157599,3357
1701701,0.182270039008431,15894
1700105,0.23567335243553,12564
1701104,0.234648861333015,25161
1701105,0.234648861333015,25161
1701300,0.145999326674896,17822
1701900,0.168917372396429,13107
1703102,0.220961492111167,107874
1703105,0.220961492111167,107874
1703106,0.220961492111167,107874
1703107,0.220961492111167,107874
1703108,0.220961492111167,107874
1702801,0.240759172186567,29137
1800900,0.225663103651383,2765
1801001,0.208303816182585,32467
1801002,0.208303816182585,32467
1801003,0.208303816182585,32467
1802900,0.164470342114021,5438
1801100,0.237131346186266,2328
1801500,0.320217039022593,2465
1801801,0.107606995997679,21074
1802100,0.2097807766324,5436
1801300,0.265907720007396,5550
1803600,0.203086020511873,10823
1801600,0.271716769198901,1308
1803400,0.259253737026856,1428
1802700,0.31091399410913,1790
1803100,0.17727844391882,3118
1803000,0.244325721335693,1910
1800600,0.217821853915703,3205
1802000,0.263845675171126,8035
1800500,0.226107770447779,17129
1802600,0.256938940845766,3601
1803500,0.169573937656676,4892
1800700,0.241924460892454,1874
1803200,0.156754977183334,4116
1801400,0.323910473432243,3205
1801802,0.102505633651679,37276
1801803,0.102505633651679,37276
1802500,0.170642089119024,6514
1802200,0.143423970124869,17138
1802400,0.170063246661982,15653
1800800,0.181183651449957,5476
1800101,0.276626016260163,44280
1800102,0.276626016260163,44280
1800103,0.276626016260163,44280
1800104,0.276626016260163,44280
1800300,0.2521987435751,8755
1801900,0.277704311028828,11343
1802301,0.247411694900888,82583
1802302,0.247411694900888,82583
1802303,0.247411694900888,82583
1802304,0.247411694900888,82583
1802305,0.247411694900888,82583
1802306,0.247411694900888,82583
1802307,0.247411694900888,82583
1802800,0.140809443507589,9488
1800200,0.181433845420984,16794
1800401,0.232475818069562,24295
1800402,0.232475818069562,24295
1801200,0.122787071625792,12314
1803300,0.201089148850343,14874
1801700,0.260046668395126,7714
1901800,0.31335504939114,483
1900400,0.196244185779332,916
1901200,0.223011596770744,2019
1900500,0.176428635107426,11217
1901300,0.134039660337899,5108
1900700,0.139693123074273,5553
1901900,0.294283187545883,585
1900600,0.270595103550713,1359
1902100,0.269436741683673,4940
1900800,0.292243776062914,2440
1900200,0.216930948193568,1457
1900100,0.21085027398293,809
1901400,0.188564148983444,3874
1901500,0.187349175792421,37797
1902200,0.268340335537058,1219
1902300,0.333132823462378,1327
1901100,0.0730005895067793,10178
1901000,0.150834772596431,20844
1902000,0.266853515652075,6029
1901600,0.190546889300169,49169
1901700,0.190546889300169,49169
1900900,0.228229123204387,16777
2001400,0.242008949236201,2098
2000400,0.218290985260462,5332
2001100,0.314567596040392,956
2000802,0.189592068415954,9814
2001302,0.201496921386825,29672
2001304,0.202027251113384,39688
2000900,0.28256500384828,1041
2001500,0.304110729939657,1407
2000100,0.182178258062944,438
2001200,0.181844989364135,1089
2000200,0.203010995916823,1447
2000700,0.120413922859831,9567
2000300,0.136832943553649,2252
2001301,0.20216086231698,33559
2000601,0.124691771439009,65698
2000602,0.124691771439009,65698
2000603,0.124691771439009,65698
2000604,0.124691771439009,65698
2001000,0.25870210382772,2834
2001303,0.202125649504015,42340
2000801,0.1854403639909,15385
2000500,0.392144850588796,14691
2100600,0.320808365048411,637
2100400,0.296563937928172,1012
2102000,0.217578930754395,2394
2100100,0.195141016933171,2200
2102700,0.284015720896401,788
2100900,0.341947088665841,886
2102500,0.141164856860809,14182
2102300,0.183879139605672,2997
2102800,0.233680670119102,2127
2102100,0.213560273795866,2567
2101000,0.388289233601149,380
2101300,0.234957189606809,5246
2101600,0.216579709778768,6258
2100200,0.311115217026078,1271
2102600,0.16590442110789,5450
2100300,0.186171059003867,2995
2100800,0.275922847095775,1740
2101500,0.178528106197998,6756
2102200,0.214233630036638,4470
2101901,0.145997043491792,25706
2101902,0.145997043491792,25706
2101100,0.298097029314184,1291
2101200,0.233970050582547,3355
2101400,0.241066146790306,1702
2101800,0.146336471961769,4775
2101701,0.189759770745686,65604
2101702,0.189759770745686,65604
2101703,0.189759770745686,65604
2101704,0.189759770745686,65604
2101705,0.189759770745686,65604
2101706,0.189759770745686,65604
2102400,0.167750709555345,16912
2100700,0.27251618162246,2212
2100500,0.161664564943253,7930
2201100,0.34255050889235,2038
2200800,0.265533449620768,7228
2201600,0.209961610394724,10159
2202000,0.277679100086552,4882
2200600,0.484284949910623,1115
2200300,0.339604794097519,1166
2200200,0.223877982449756,7133
2200100,0.29643108710965,17036
2200101,0.29643108710965,17036
2200900,0.264554698595613,8935
2200500,0.400154235711194,703
2201500,0.26425821735268,33770
2201501,0.26425821735268,33770
2201502,0.26425821735268,33770
2201400,0.377064546463206,1221
2201000,0.339371203627712,2385
2201300,0.364252158831543,2815
2202300,0.234239730404974,34422
2202301,0.234239730404974,34422
2202302,0.234239730404974,34422
2202500,0.233560242379862,17847
2201200,0.179496975485514,15705
2201201,0.179496975485514,15705
2201700,0.241151474953324,9308
2202400,0.27207339133431,23218
2202401,0.27207339133431,23218
2202402,0.27207339133431,23218
2200400,0.25727221279004,8835
2200700,0.300187571961525,5967
2201900,0.260074261460577,3987
2202200,0.163338215855096,27991
2202201,0.163338215855096,27991
2201800,0.280121158950264,5245
2202100,0.260514840343227,7109
2300600,0.223258049014897,10405
2300100,0.263624469528892,2585
2300700,0.139626342545054,22617
2300800,0.167415928081949,25756
2300900,0.150107039817333,29480
2301000,0.139303789655598,32404
2300200,0.307543050408464,3143
2300500,0.237999732935035,2637
2300400,0.274936216741587,8231
2300300,0.240984908657665,12590
2400100,0.272937509355833,3882
2401201,0.172902381110889,90126
2401202,0.172902381110889,90126
2401203,0.172902381110889,90126
2401204,0.172902381110889,90126
2400501,0.246383189394356,109074
2400502,0.246383189394356,109074
2400503,0.246383189394356,109074
2400504,0.246383189394356,109074
2400505,0.246383189394356,109074
2400506,0.246383189394356,109074
2400507,0.246383189394356,109074
2401500,0.180463541655982,15550
2401300,0.190435378620953,4913
2400400,0.147324807776583,25101
2400700,0.203949351823937,13268
2401600,0.25755025856002,32681
2400301,0.165075635188721,40854
2400302,0.165075635188721,40854
2400601,0.189914245488289,39065
2400602,0.189914245488289,39065
2400901,0.130058010456206,41889
2400902,0.130058010456206,41889
2401001,0.145133201882529,138962
2401002,0.145133201882529,138962
2401003,0.145133201882529,138962
2401004,0.145133201882529,138962
2401005,0.145133201882529,138962
2401006,0.145133201882529,138962
2401007,0.145133201882529,138962
2401101,0.342900003947732,177317
2401102,0.342900003947732,177317
2401103,0.342900003947732,177317
2401104,0.342900003947732,177317
2401105,0.342900003947732,177317
2401106,0.342900003947732,177317
2401107,0.342900003947732,177317
2401400,0.238660660339154,7536
2400200,0.207535949832414,18498
2400801,0.36140924733381,58698
2400802,0.36140924733381,58698
2400803,0.36140924733381,58698
2400804,0.36140924733381,58698
2400805,0.36140924733381,58698
2504700,0.143540669856459,30096
2504800,0.143479135387027,23249
2500100,0.137599847850894,10516
2504200,0.153829706417432,60139
2504301,0.162282179891872,62037
2504302,0.158389397883634,59158
2504303,0.158389397883634,59158
2504500,0.158389397883634,59158
2504901,0.166701393204621,65665
2500701,0.146861987775033,86217
2500702,0.146861987775033,86217
2500703,0.146861987775033,86217
2500704,0.146861987775033,86217
2501000,0.129566973575597,104967
2501300,0.113769482450538,130987
2502800,0.111663721628117,135463
2500200,0.130770529259477,8732
2501600,0.187570137406651,19769
2501900,0.250185133759141,43212
2501901,0.250185133759141,43212
2501902,0.250185133759141,43212
2500400,0.143132306588426,111807
2500501,0.106739932213521,147227
2500502,0.106739932213521,147227
2500503,0.106739932213521,147227
2500504,0.106739932213521,147227
2500505,0.106739932213521,147227
2500506,0.106739932213521,147227
2500507,0.106739932213521,147227
2500508,0.106739932213521,147227
2501400,0.108542618365177,144952
2502400,0.124850948189163,108684
2503400,0.105909631651818,117177
2503500,0.104875154215299,93420
2503601,0.103502146389176,73612
2503602,0.103502146389176,73612
2503603,0.103502146389176,73612
2503900,0.11870685841557,72016
2504000,0.15108599870924,68838
2504902,0.168475997858545,67244
2504903,0.168475997858545,67244
2503301,0.17393158188199,60978
2503302,0.17393158188199,60978
2503303,0.17393158188199,60978
2503304,0.17393158188199,60978
2503305,0.17393158188199,60978
2503306,0.17393158188199,60978
2500300,0.173664409330324,93030
2500301,0.173664409330324,93030
2500302,0.173664409330324,93030
2500303,0.173664409330324,93030
2500304,0.173664409330324,93030
2600300,0.258496586359489,1112
2600200,0.269447796563977,1085
2600900,0.195321414986687,10516
2600400,0.245191458900765,2021
2601300,0.265879954120893,1713
2600100,0.21398235327802,1943
2602000,0.279689861371968,11190
2601400,0.171699238044321,8562
2600500,0.183317535182929,5074
2602400,0.240294603524229,14528
2602200,0.297873905068474,3808
2602300,0.244004490990733,5780
2601200,0.227694266794907,2844
2601900,0.198762848714306,10531
2601701,0.256329193305394,28846
2601702,0.267321270962048,45320
2601703,0.267321270962048,45320
2601704,0.265766816567456,30795
2602500,0.22343752261473,8198
2601600,0.268895329289465,3173
2601801,0.247373414385607,28459
2601802,0.247373414385607,28459
2601100,0.280651846307249,4444
2602600,0.285635931501006,16409
2602101,0.198047235783085,22737
2602102,0.198047235783085,22737
2601001,0.206449446824839,62548
2601002,0.206449446824839,62548
2601003,0.206449446824839,62548
2601004,0.206449446824839,62548
2600600,0.26848024159822,2494
2602800,0.131858474705792,26172
2603001,0.189686059990612,104383
2603002,0.189686059990612,104383
2603003,0.189686059990612,104383
2603004,0.189686059990612,104383
2603005,0.189686059990612,104383
2603006,0.189686059990612,104383
2603300,0.179986101459347,15829
2600700,0.287673738112655,16404
2602901,0.156155254889231,163267
2602902,0.156155254889231,163267
2602903,0.156155254889231,163267
2602904,0.156155254889231,163267
2602905,0.156155254889231,163267
2602906,0.156155254889231,163267
2602907,0.156155254889231,163267
2602908,0.156155254889231,163267
2600801,0.133973173897652,25423
2600802,0.133973173897652,25423
2601500,0.234234766178555,16936
2603100,0.215577643799902,18411
2602701,0.129985435805512,35704
2602702,0.129985435805512,35704
2602703,0.129985435805512,35704
2603201,0.356587417127843,197141
2603202,0.356587417127843,197141
2603203,0.356587417127843,197141
2603204,0.356587417127843,197141
2603205,0.356587417127843,197141
2603206,0.356587417127843,197141
2603207,0.356587417127843,197141
2603208,0.356587417127843,197141
2603209,0.356587417127843,197141
2603210,0.356587417127843,197141
2603211,0.356587417127843,197141
2603212,0.356587417127843,197141
2603213,0.356587417127843,197141
2700300,0.228944684546278,2772
2701101,0.18987483486711,44661
2701102,0.18987483486711,44661
2701103,0.18987483486711,44661
2700200,0.224782614467666,1762
2701000,0.202341080457959,10541
2700800,0.19360957877822,2378
2702200,0.163593127204403,3535
2702000,0.225199290593369,942
2700400,0.213818613592686,12950
2701700,0.124613979188562,13129
2700600,0.233407433846194,4826
2700100,0.18003623131304,2692
2702100,0.283346262921152,687
2700700,0.232419045259897,3616
2701501,0.150075385626474,51734
2701502,0.150075385626474,51734
2701503,0.150075385626474,51734
2702400,0.227408190997315,2922
2702600,0.177906052406937,2275
2702300,0.186569227982873,4770
2701401,0.172976165238196,132076
2701402,0.172976165238196,132076
2701403,0.172976165238196,132076
2701404,0.172976165238196,132076
2701405,0.172976165238196,132076
2701406,0.172976165238196,132076
2701407,0.172976165238196,132076
2701408,0.172976165238196,132076
2701409,0.172976165238196,132076
2701410,0.172976165238196,132076
2701900,0.21989444573838,2440
2702500,0.106842814083242,15593
2701301,0.198875643734997,48739
2701302,0.198875643734997,48739
2701303,0.198875643734997,48739
2701304,0.198875643734997,48739
2700500,0.213487794786926,16919
2701600,0.142283000156584,19159
2700900,0.16256157635468,13398
2701201,0.142134579678597,31238
2701202,0.142134579678597,31238
2701800,0.184992784992785,17325
2801600,0.389596473597461,933
2800200,0.443875397175542,1417
2800700,0.427275937180705,714
2800800,0.420248873014146,1114
2800400,0.330750136072517,1496
2800600,0.264688239859051,2047
2801500,0.337111269288978,2714
2800300,0.441585959493784,1090
2801200,0.375839095560004,5852
2801700,0.436970502432233,1668
2800100,0.257740142894946,18895
2801800,0.266787763032299,3690
2801900,0.28297452391639,2801
2802000,0.220507951578448,12639
2801000,0.374331894202429,15083
2801100,0.400521812996784,16481
2802100,0.230830274774328,10081
2801400,0.474285637050171,582
2800500,0.343086879365393,4108
2800900,0.190415818855838,6945
2801300,0.188803549157613,10647
2900300,0.278106446789623,568
2900200,0.309151894432411,6116
2900100,0.209179782552443,545
2900400,0.242834134789043,3607
2902700,0.23718483989852,2714
2901200,0.299525977203503,1507
2901100,0.219821132388544,10847
2901300,0.24738209776488,1723
2902200,0.199402120527147,3910
2900600,0.125216735770825,13265
2902400,0.317716123295959,904
2900800,0.236275342924569,2953
2900500,0.16413411151546,4353
2901400,0.221011934343241,2383
2900700,0.275493911165941,1345
2902601,0.185414411363872,12345
2900901,0.20425621428321,28523
2900902,0.20425621428321,28523
2900903,0.176272478895252,12585
2901500,0.266856264008941,1455
2902500,0.276149137662738,940
2902300,0.383129161073489,805
2901600,0.22247875877355,10828
2902602,0.182942879705186,26593
2902603,0.182942879705186,26593
2901001,0.287645711772088,77293
2901002,0.287645711772088,77293
2901003,0.287645711772088,77293
2901004,0.287645711772088,77293
2901005,0.287645711772088,77293
2902800,0.280603089330014,7930
2902001,0.222859238025399,30001
2902002,0.222859238025399,30001
2902100,0.286628863319717,3269
2901701,0.155846723462382,55638
2901702,0.155846723462382,55638
2901703,0.155846723462382,55638
2901801,0.242208904109589,128480
2901802,0.242208904109589,128480
2901803,0.242208904109589,128480
2901804,0.242208904109589,128480
2901805,0.242208904109589,128480
2901806,0.242208904109589,128480
2901807,0.242208904109589,128480
2901808,0.242208904109589,128480
2901901,0.341552347649362,33459
2901902,0.341552347649362,33459
3000300,0.209504300474534,2238
3000600,0.122079623091987,4108
3000400,0.139299215001531,3779
3000500,0.119474429283217,5836
3000100,0.155565481438681,5399
3000200,0.115494023094242,6062
3000700,0.118445354533044,12453
3100500,0.230496412154109,1317
3100200,0.240473312085478,801
3100100,0.28662885105096,784
3100600,0.231912890936355,773
3100701,0.243078163716611,2042
3100400,0.273687553966483,1019
3100300,0.333266017378091,1577
3100901,0.191045293149736,46188
3100902,0.191045293149736,46188
3100903,0.191045293149736,46188
3100904,0.191045293149736,46188
3100801,0.127492542000314,25476
3100802,0.127492542000314,25476
3100702,0.137390445623997,16202
3200300,0.229850726022355,2283
3200401,0.242643542100103,334536
3200402,0.242643542100103,334536
3200403,0.242643542100103,334536
3200404,0.242643542100103,334536
3200405,0.242643542100103,334536
3200406,0.242643542100103,334536
3200407,0.242643542100103,334536
3200408,0.242643542100103,334536
3200409,0.242643542100103,334536
3200410,0.242643542100103,334536
3200411,0.242643542100103,334536
3200412,0.242643542100103,334536
3200413,0.242643542100103,334536
3200200,0.160782545424609,6813
3200101,0.157585300078726,59701
3200102,0.157585300078726,59701
3200103,0.157585300078726,59701
3300200,0.193180805149374,7692
3300300,0.163427343979967,16184
3300500,0.220836385812677,5544
3300100,0.23353562502057,4733
3300600,0.146526245681222,48046
3300700,0.142178179732867,39769
3300800,0.146526245681222,48046
3300900,0.146526245681222,48046
3300400,0.171668137687555,15862
3301000,0.136878564545952,38399
3400101,0.237141506022421,35949
3400102,0.237141506022421,35949
3402600,0.195640538686193,14125
3400301,0.142446938336005,83582
3400302,0.142446938336005,83582
3400303,0.142446938336005,83582
3400304,0.142446938336005,83582
3400305,0.142446938336005,83582
3400306,0.142446938336005,83582
3400307,0.142446938336005,83582
3400308,0.142446938336005,83582
3402001,0.198433420365535,59748
3402002,0.198433420365535,59748
3402003,0.198433420365535,59748
3402101,0.243127460672598,57657
3402102,0.243127460672598,57657
3402103,0.243127460672598,57657
3402104,0.243127460672598,57657
3402400,0.29245953414923,12665
3402500,0.271527582243505,8984
3401301,0.288466843809441,68871
3401302,0.288466843809441,68871
3401401,0.288466843809441,68871
3401402,0.288466843809441,68871
3401403,0.288466843809441,68871
3401404,0.288466843809441,68871
3402201,0.200705615965878,37981
3402202,0.200705615965878,37981
3400601,0.221470284401155,47433
3400602,0.221470284401155,47433
3400701,0.221470284401155,47433
3400702,0.221470284401155,47433
3400703,0.221470284401155,47433
3400800,0.0859113432436052,14934
3402301,0.185983388523967,36842
3402302,0.185983388523967,36842
3402303,0.185983388523967,36842
3400901,0.16974436961402,82854
3400902,0.16974436961402,82854
3400903,0.16974436961402,82854
3400904,0.16974436961402,82854
3400905,0.16974436961402,82854
3400906,0.16974436961402,82854
3400907,0.16974436961402,82854
3401101,0.147247033728836,75010
3401102,0.147247033728836,75010
3401103,0.147247033728836,75010
3401104,0.147247033728836,75010
3401105,0.147247033728836,75010
3401106,0.147247033728836,75010
3401501,0.109905230721526,51599
3401502,0.109905230721526,51599
3401503,0.109905230721526,51599
3401504,0.109905230721526,51599
3401201,0.180113038906414,76080
3401202,0.180113038906414,76080
3401203,0.180113038906414,76080
3401204,0.180113038906414,76080
3401205,0.180113038906414,76080
3400400,0.242051882192315,46143
3400501,0.242051882192315,46143
3400502,0.242051882192315,46143
3400503,0.242051882192315,46143
3401001,0.128993926590969,37870
3401002,0.128993926590969,37870
3401003,0.128993926590969,37870
3401600,0.181096808323047,22684
3401800,0.244373641754761,54298
3401901,0.244373641754761,54298
3401902,0.244373641754761,54298
3401903,0.244373641754761,54298
3401904,0.244373641754761,54298
3401700,0.183373170002988,13388
3500700,0.178171154973534,21338
3500801,0.167359608955811,71194
3500802,0.167359608955811,71194
3500803,0.167359608955811,71194
3500804,0.167359608955811,71194
3500805,0.167359608955811,71194
3500806,0.167359608955811,71194
3500900,0.245260913030772,765
3501100,0.233998113280485,3021
3500100,0.225680604492244,2240
3500400,0.249177003434453,1661
3501001,0.191821147267086,12569
3501002,0.191821147267086,12569
3501200,0.354660471337083,2642
3500300,0.202129906845994,1539
3500600,0.176446353952092,16991
3500200,0.21511154535092,6141
3500500,0.13209900860088,15231
3602001,0.175181822288476,22137
3602002,0.175181822288476,22137
3602500,0.271300881754126,2390
3603701,0.291827654841353,34164
3603702,0.291827654841353,34164
3603703,0.291827654841353,34164
3603704,0.291827654841353,34164
3603705,0.291827654841353,34164
3603706,0.291827654841353,34164
3603707,0.291827654841353,34164
3603708,0.291827654841353,34164
3603709,0.291827654841353,34164
3603710,0.291827654841353,34164
3602201,0.205653991638463,10046
3602202,0.202216935339079,6601
3602203,0.245593413407288,3126
3600704,0.169413543825964,11776
3602600,0.23119673953316,5398
3602401,0.234433812869242,4567
3602402,0.23713496405393,3498
3600200,0.211739281951264,2791
3602100,0.210070847274106,4017
3601500,0.179037587149629,3367
3602801,0.191593654714578,25909
3602802,0.191593654714578,25909
3601201,0.164234389231859,49405
3601202,0.164234389231859,49405
3601203,0.164234389231859,49405
3601204,0.164234389231859,49405
3601205,0.164234389231859,49405
3601206,0.164234389231859,49405
3601207,0.164234389231859,49405
3601600,0.288402820475446,3008
3601000,0.247014485513416,2373
3600401,0.202280469783376,7591
3600403,0.22486779769704,3619
3600500,0.199524830830218,3807
3604001,0.243784211567632,90978
3604002,0.243784211567632,90978
3604003,0.243784211567632,90978
3604004,0.243784211567632,90978
3604005,0.243784211567632,90978
3604006,0.243784211567632,90978
3604007,0.243784211567632,90978
3604008,0.243784211567632,90978
3604009,0.243784211567632,90978
3604010,0.243784211567632,90978
3604011,0.243784211567632,90978
3604012,0.243784211567632,90978
3604013,0.243784211567632,90978
3604014,0.243784211567632,90978
3604015,0.243784211567632,90978
3604016,0.243784211567632,90978
3604017,0.243784211567632,90978
3604018,0.243784211567632,90978
3601300,0.210583725501197,2726
3600901,0.159541759676536,47486
3600902,0.159541759676536,47486
3600903,0.159541759676536,47486
3600904,0.159541759676536,47486
3600905,0.159541759676536,47486
3600906,0.159541759676536,47486
3603201,0.200589093660488,111018
3603202,0.200589093660488,111018
3603203,0.200589093660488,111018
3603204,0.200589093660488,111018
3603205,0.200589093660488,111018
3603206,0.200589093660488,111018
3603207,0.200589093660488,111018
3603208,0.200589093660488,111018
3603209,0.200589093660488,111018
3603210,0.200589093660488,111018
3603211,0.200589093660488,111018
3603212,0.200589093660488,111018
3603801,0.0232017615397162,49048
3603802,0.0232017615397162,49048
3603803,0.0232017615397162,49048
3603804,0.0232017615397162,49048
3603805,0.0232017615397162,49048
3603806,0.0232017615397162,49048
3603807,0.0232017615397162,49048
3603808,0.0232017615397162,49048
3603809,0.0232017615397162,49048
3603810,0.0232017615397162,49048
3601101,0.187384821578154,11938
3601102,0.187384821578154,11938
3600402,0.19041697753461,12063
3600701,0.146728221597752,29892
3600702,0.146728221597752,29892
3600703,0.146728221597752,29892
3601400,0.158801174586536,5943
3602901,0.221030834255241,35253
3602902,0.221030834255241,35253
3602903,0.221030834255241,35253
3600600,0.224705261305648,5683
3603101,0.165223952187115,11479
3604101,0.234896889312515,123799
3604102,0.234896889312515,123799
3604103,0.234896889312515,123799
3604104,0.234896889312515,123799
3604105,0.234896889312515,123799
3604106,0.234896889312515,123799
3604107,0.234896889312515,123799
3604108,0.234896889312515,123799
3604109,0.234896889312515,123799
3604110,0.234896889312515,123799
3604111,0.234896889312515,123799
3604112,0.234896889312515,123799
3604113,0.234896889312515,123799
3604114,0.234896889312515,123799
3601900,0.212778679422568,11707
3603901,0.191340962517114,38711
3603902,0.191340962517114,38711
3603903,0.191340962517114,38711
3603001,0.166218222304695,21556
3603002,0.166218222304695,21556
3603003,0.166218222304695,21556
3600100,0.241447891805887,2514
3601801,0.149121540312876,20775
3601802,0.149121540312876,20775
3601700,0.214395660778421,13643
3600800,0.200357234407569,4478
3603301,0.225685487260055,154671
3603302,0.225685487260055,154671
3603303,0.225685487260055,154671
3603304,0.225685487260055,154671
3603305,0.225685487260055,154671
3603306,0.225685487260055,154671
3603307,0.225685487260055,154671
3603308,0.225685487260055,154671
3603309,0.225685487260055,154671
3603310,0.225685487260055,154671
3603311,0.225685487260055,154671
3603312,0.225685487260055,154671
3603313,0.225685487260055,154671
3602701,0.242766504432737,8262
3602300,0.0889934992154226,4461
3602702,0.199760367436597,15023
3600300,0.246285175032507,4839
3603102,0.138135055996619,66254
3603103,0.138135055996619,66254
3603104,0.138135055996619,66254
3603105,0.138135055996619,66254
3603106,0.138135055996619,66254
3603107,0.138135055996619,66254
3701600,0.219310079013297,10378
3702000,0.242750432993778,4319
3700200,0.229659546405855,3589
3705300,0.169139210399352,18747
3700100,0.144744084428473,1756
3704400,0.155908733356112,4046
3700800,0.166258943511255,1912
3704900,0.336819548704192,1912
3704800,0.148514851485149,10201
3702201,0.159662622077538,20274
3702202,0.159662622077538,20274
3702100,0.227155057696685,4093
3703200,0.18794665466209,17771
3703300,0.205591708473852,9112
3700700,0.213304660705823,2187
3700400,0.228184064240894,2529
3702800,0.205756226290615,12126
3701500,0.149575167362388,4375
3702400,0.161338862668162,1928
3702600,0.256636868079112,4118
3702700,0.244933520484542,6084
3704300,0.132059186189889,8110
3705001,0.18579512195122,25625
3705002,0.18579512195122,25625
3705003,0.18579512195122,25625
3703500,0.228855298913044,11776
3701900,0.161090394998682,5849
3703900,0.290042138100967,1922
3701301,0.176907268380657,23843
3701302,0.176907268380657,23843
3700900,0.267671556689233,4403
3701801,0.182403705818897,31518
3701802,0.182403705818897,31518
3701803,0.182403705818897,31518
3700500,0.242199162983088,2590
3703001,0.250512109892758,16598
3703002,0.250512109892758,16598
3702300,0.200075079193681,2965
3701000,0.23988105577721,3723
3701701,0.195157943278764,43370
3701702,0.195157943278764,43370
3701703,0.195157943278764,43370
3701704,0.195157943278764,43370
3700600,0.332167157116543,1220
3703800,0.194875444839858,7025
3702500,0.16190466716635,7441
3705200,0.205350362208816,2431
3702900,0.159131647082255,15063
3701100,0.201982132886656,14328
3704100,0.153964007561102,6133
3703101,0.171535109140775,106468
3703102,0.171535109140775,106468
3703103,0.171535109140775,106468
3703104,0.171535109140775,106468
3703105,0.171535109140775,106468
3703106,0.171535109140775,106468
3703107,0.171535109140775,106468
3703108,0.171535109140775,106468
3703700,0.142169267469623,5635
3704600,0.154926836297506,13052
3704700,0.153506226844619,22403
3704500,0.11704795926123,13157
3701400,0.0838050950262839,9892
3704200,0.166064026810124,11339
3703600,0.203161970316197,9298
3705100,0.320430107526882,3255
3700300,0.254940181246412,4733
3703400,0.244273174909013,9342
3705400,0.166355372929897,24093
3701201,0.123237372334845,97227
3701202,0.123237372334845,97227
3701203,0.123237372334845,97227
3701204,0.123237372334845,97227
3701205,0.123237372334845,97227
3701206,0.123237372334845,97227
3701207,0.123237372334845,97227
3701208,0.123237372334845,97227
3704000,0.192534670994394,6778
3800100,0.144939973897075,1769
3800200,0.196285022260726,403
3800300,0.110330103208247,4730
3800500,0.124538821021563,12197
3800400,0.154637869382498,2711
3905200,0.241093773067113,2717
3902500,0.261871670141302,8634
3902100,0.232319898503166,4344
3901300,0.304353778751369,7304
3905000,0.242966310840904,1528
3902600,0.237898510482958,2447
3903500,0.250466308498665,4238
3905700,0.178645032373279,14261
3905401,0.193673000626436,38312
3905402,0.193673000626436,38312
3905403,0.193673000626436,38312
3903300,0.244192331503423,26174
3902700,0.290416992311485,2848
3904300,0.258233532934132,12024
3905600,0.173320807891029,21290
3903400,0.258260196179659,7748
3902900,0.298846823313951,1536
3902300,0.279020727363463,3080
3900901,0.227191445714234,110167
3900902,0.227191445714234,110167
3900903,0.227191445714234,110167
3900904,0.227191445714234,110167
3900905,0.227191445714234,110167
3900906,0.227191445714234,110167
3900907,0.227191445714234,110167
3900908,0.227191445714234,110167
3900909,0.227191445714234,110167
3900910,0.227191445714234,110167
3904500,0.23874271064315,3436
3900100,0.21827892337759,2562
3904000,0.0930980528511822,23008
3900700,0.21731174751108,5371
3903900,0.172006856540084,15168
3904800,0.215979088478895,3970
3904101,0.191690477474078,111294
3904102,0.191690477474078,111294
3904103,0.191690477474078,111294
3904104,0.191690477474078,111294
3904105,0.191690477474078,111294
3904106,0.191690477474078,111294
3904107,0.191690477474078,111294
3904108,0.191690477474078,111294
3904109,0.191690477474078,111294
3904110,0.191690477474078,111294
3904111,0.191690477474078,111294
3900200,0.170610705259382,9043
3901200,0.134951741512455,11995
3904700,0.132134952042391,14909
3905501,0.201313026606065,75246
3905502,0.201313026606065,75246
3905503,0.201313026606065,75246
3905504,0.201313026606065,75246
3905505,0.201313026606065,75246
3905506,0.201313026606065,75246
3905507,0.201313026606065,75246
3902400,0.18635054524567,5338
3903000,0.254925741667371,4978
3904900,0.294746798644386,1327
3902800,0.252746778608193,4272
3901000,0.16470925236322,24437
3901100,0.16470925236322,24437
3905100,0.277398291675399,3775
3903800,0.184676321326897,16158
3900801,0.202802749867795,30256
3900802,0.202802749867795,30256
3900300,0.226186250211862,34039
3900400,0.229796333481107,38347
3900500,0.229796333481107,38347
3900600,0.209065643724937,15815
3904200,0.180686565187504,4596
3901400,0.282735952755501,17393
3901500,0.283141361256545,19100
3901900,0.142091013225034,19206
3904400,0.168295442855673,9721
3903600,0.190559521602586,2574
3904601,0.217116484398515,49835
3904602,0.217116484398515,49835
3904603,0.217116484398515,49835
3904604,0.217116484398515,49835
3903700,0.365981271577633,3903
3901700,0.190153800868349,13589
3902200,0.227452141306493,10134
3903100,0.24404062321068,33183
3903200,0.24404062321068,33183
3901801,0.218414130026306,53220
3901802,0.218414130026306,53220
3901803,0.218414130026306,53220
3901804,0.218414130026306,53220
3901805,0.218414130026306,53220
3901600,0.282526315789474,16625
3905301,0.134864482420812,27561
3905302,0.134864482420812,27561
3902000,0.184623102972532,7973
4000200,0.281565632554487,1811
4000500,0.284986468693635,436
4000702,0.277565106256319,1252
4000400,0.281614789662946,778
4000602,0.303543577639943,3000
4000800,0.190893169877408,11420
4000701,0.324671514076022,1712
4000300,0.410964627568563,1359
4000900,0.176258668828245,22206
4000601,0.232292024259069,8739
4000100,0.282390202176322,2462
4001204,0.231461423200237,29525
4001501,0.250388774918313,2653
4001601,0.262138440603261,3003
4001400,0.258214899308282,2539
4001101,0.29563225182985,3542
4001102,0.296727417229714,2978
4001302,0.326174650879269,3279
4001001,0.22778534923339,58700
4001002,0.22778534923339,58700
4001003,0.22778534923339,58700
4001004,0.22778534923339,58700
4001005,0.22778534923339,58700
4001006,0.22778534923339,58700
4001301,0.227173737861094,6642
4001201,0.22581961053739,46577
4001202,0.22581961053739,46577
4001203,0.22581961053739,46577
4100100,0.19216664445345,2622
4100600,0.168231808872613,7656
4101317,0.144488303115452,44841
4101318,0.144488303115452,44841
4101319,0.144488303115452,44841
4100500,0.181554213646328,3802
4100800,0.159474157765142,5333
4100200,0.196826363441901,1447
4100400,0.134735645252985,22867
4101000,0.173776086100538,7619
4100300,0.202138194725467,3561
4100901,0.154617634768074,21537
4100902,0.154617634768074,21537
4100703,0.160166912433721,31873
4100704,0.160166912433721,31873
4100705,0.160166912433721,31873
4101103,0.200558618688334,27568
4101104,0.200558618688334,27568
4101105,0.200558618688334,27568
4101301,0.161600582913352,82345
4101302,0.161600582913352,82345
4101303,0.161600582913352,82345
4101305,0.161600582913352,82345
4101314,0.161600582913352,82345
4101316,0.161600582913352,82345
4101200,0.175143390500573,8473
4101320,0.140402824325643,61466
4101321,0.140402824325643,61466
4101322,0.140402824325643,61466
4101323,0.140402824325643,61466
4101324,0.140402824325643,61466
4203701,0.179318275500238,10065
4201701,0.205822530174341,89480
4201702,0.205822530174341,89480
4201801,0.205822530174341,89480
4201802,0.205822530174341,89480
4201803,0.205822530174341,89480
4201804,0.205822530174341,89480
4201805,0.205822530174341,89480
4201806,0.205822530174341,89480
4201807,0.205822530174341,89480
4201900,0.253270570502,4099
4201501,0.26402169301009,6977
4201502,0.242428948594502,12878
4203800,0.227933405954375,3245
4202701,0.186805180787912,37060
4202702,0.186805180787912,37060
4202703,0.186805180787912,37060
4202200,0.245320488985292,6693
4200400,0.211555601164083,2075
4203001,0.121186020029782,68498
4203002,0.121186020029782,68498
4203003,0.121186020029782,68498
4203004,0.121186020029782,68498
4201600,0.142914384933885,14974
4202100,0.210006027727547,8295
4200300,0.29613405054103,2534
4202801,0.20183296133545,20295
4201200,0.113660733433412,9326
4203401,0.100276691155424,52405
4203402,0.100276691155424,52405
4203403,0.100276691155424,52405
4203404,0.100276691155424,52405
4201300,0.306321813052745,2008
4200900,0.207351906371944,6712
4200803,0.242787168660097,13091
4200200,0.237713568990557,4035
4202301,0.137913879852306,15324
4202302,0.133821223209618,21043
4202401,0.199290718795952,23122
4202402,0.199290718795952,23122
4203301,0.177356183489043,52341
4203302,0.177356183489043,52341
4203303,0.177356183489043,52341
4203304,0.177356183489043,52341
4200101,0.191757966742673,17981
4200102,0.191757966742673,17981
4203900,0.316580692704495,6785
4203702,0.196826722338205,11975
4204002,0.209133923685378,11148
4201100,0.232222720379238,1720
4200701,0.225085910652921,15132
4200702,0.22441906534099,12297
4203501,0.142467857408279,40367
4203502,0.142467857408279,40367
4203503,0.142467857408279,40367
4203504,0.142467857408279,40367
4202500,0.170228178196306,11044
4202802,0.191979279330563,35134
4202803,0.191979279330563,35134
4202901,0.177652782358328,32845
4200801,0.244788906553612,22644
4200802,0.244788906553612,22644
4201400,0.258222343027997,7358
4200600,0.29015195660944,22309
4203101,0.120285907080199,80026
4203102,0.120285907080199,80026
4203103,0.120285907080199,80026
4203104,0.120285907080199,80026
4203105,0.120285907080199,80026
4203106,0.120285907080199,80026
4201000,0.290944475520252,4055
4202902,0.175682732774245,32553
4203201,0.289392873990868,112349
4203202,0.289392873990868,112349
4203203,0.289392873990868,112349
4203204,0.289392873990868,112349
4203205,0.289392873990868,112349
4203206,0.289392873990868,112349
4203207,0.289392873990868,112349
4203208,0.289392873990868,112349
4203209,0.289392873990868,112349
4203210,0.289392873990868,112349
4203211,0.289392873990868,112349
4200500,0.257555625895742,5745
4202600,0.282115015252514,8851
4204001,0.205268210728429,16666
4202001,0.20318623893163,27556
4202002,0.20318623893163,27556
4202003,0.20318623893163,27556
4203601,0.183222910417161,46337
4203602,0.183222910417161,46337
4203603,0.183222910417161,46337
4400300,0.107374029399738,7377
4400201,0.20739418861776,25777
4400101,0.255315007160834,71919
4400102,0.255315007160834,71919
4400103,0.255315007160834,71919
4400104,0.255315007160834,71919
4400400,0.133844379621464,14741
4501600,0.233009729742433,3103
4501500,0.18069824039066,8640
4501300,0.392727512390163,2029
4500200,0.219975835682642,12415
4501400,0.143821304917088,15356
4501201,0.200331781209283,16601
4501202,0.166330801791835,36180
4501203,0.178433206126262,29554
4501204,0.184107425596915,25236
4500605,0.229457041397857,11830
4500400,0.326156175797674,1825
4500700,0.237423413859746,2588
4500800,0.267856326981539,3628
4500900,0.278532085460741,6227
4501000,0.224111072346351,2766
4500603,0.23117385173089,29000
4500102,0.176400322002649,38509
4500103,0.176400322002649,38509
4500104,0.176400322002649,38509
4500105,0.184024103864201,22888
4501101,0.21187813053139,26553
4501102,0.21187813053139,26553
4500601,0.191758900255383,19422
4500602,0.191517350873214,22045
4500101,0.21118251850355,6009
4500604,0.230718582587616,33413
4500301,0.232246913580247,20250
4500302,0.232246913580247,20250
4500501,0.185318640801106,23867
4500502,0.185318640801106,23867
4600400,0.159692257075725,799
4600300,0.152162576620051,1211
4600100,0.148474001345721,5933
4600200,0.14622511674263,211
4600500,0.117256526097484,5624
4600600,0.117552278182547,13033
4701601,0.233220026021458,9000
4702700,0.232952934961004,4966
4700200,0.337797952785854,1391
4702100,0.430649976486444,1453
4701700,0.226188388002105,11402
4701900,0.331259909532453,5410
4700900,0.372333517611935,1589
4700600,0.34456144149158,1367
4701200,0.272297519864154,2920
4700400,0.249614116296875,4454
4703000,0.304400482119786,7286
4700700,0.184345762843435,2839
4701400,0.281479858941341,3063
4702200,0.258938071134904,2614
4700100,0.344064306837573,2238
4700800,0.230227362607792,2280
4702501,0.220817599737317,60910
4702502,0.220817599737317,60910
4702503,0.220817599737317,60910
4702504,0.220817599737317,60910
4702505,0.220817599737317,60910
4702900,0.430073282671073,1334
4703100,0.293791196993847,4113
4702800,0.286795776805321,1449
4702001,0.253297883219143,29337
4702002,0.253297883219143,29337
4702003,0.253297883219143,29337
4701000,0.214142710889785,7517
4701500,0.282737343963173,5480
4701602,0.212582719294129,42614
4701603,0.212582719294129,42614
4701604,0.212582719294129,42614
4701800,0.285570978974824,3469
4700300,0.163340538497738,16482
4702401,0.205839365256125,28736
4702402,0.205839365256125,28736
4703201,0.337307644188665,79930
4703202,0.337307644188665,79930
4703203,0.337307644188665,79930
4703204,0.337307644188665,79930
4703205,0.337307644188665,79930
4703206,0.337307644188665,79930
4703207,0.337307644188665,79930
4703208,0.337307644188665,79930
4701100,0.206829679595278,11860
4700500,0.22068564787914,17210
4701300,0.192617991125454,9916
4702600,0.0959657445111456,23821
4702300,0.177853681785686,12589
4801800,0.282743232228332,2917
4803200,0.399616994701185,315
4804000,0.290255629109903,2216
4806500,0.251869851500949,2240
4800600,0.297336160901878,1693
4800100,0.275814469474804,448
4806100,0.288669318886362,1231
4805000,0.321982783082984,1371
4800400,0.307681782694335,635
4805100,0.251656379481563,2642
4803501,0.144996279761905,21504
4803502,0.144996279761905,21504
4805901,0.226637619535071,114297
4805902,0.226637619535071,114297
4805903,0.226637619535071,114297
4805904,0.226637619535071,114297
4805905,0.226637619535071,114297
4805906,0.226637619535071,114297
4805907,0.226637619535071,114297
4805908,0.226637619535071,114297
4805909,0.226637619535071,114297
4805910,0.226637619535071,114297
4805911,0.226637619535071,114297
4805912,0.226637619535071,114297
4805913,0.226637619535071,114297
4805914,0.226637619535071,114297
4805915,0.226637619535071,114297
4805916,0.226637619535071,114297
4806000,0.176060803683907,2132
4803700,0.330488269278647,1070
4801100,0.263517289710841,3719
4804801,0.243347473968376,23337
4804802,0.243347473968376,23337
4804803,0.243347473968376,23337
4803602,0.167604824813326,8705
4806900,0.429091559221285,965
4802600,0.393886763925004,469
4803601,0.329908181961424,795
4803400,0.19871889023216,2481
4805600,0.216999827360302,3554
4806701,0.398883696780893,15408
4806702,0.398883696780893,15408
4806703,0.398883696780893,15408
4801300,0.329058562734711,1692
4804400,0.355531836480801,2231
4801700,0.30536735473416,1569
4802800,0.358230002462205,490
4801901,0.14729440759668,82773
4801902,0.14729440759668,82773
4801903,0.14729440759668,82773
4801904,0.14729440759668,82773
4801905,0.14729440759668,82773
4801906,0.14729440759668,82773
4801907,0.14729440759668,82773
4805800,0.152317880794702,9513
4800800,0.287040540905993,5464
4802301,0.288268833123295,163462
4802302,0.288268833123295,163462
4802303,0.288268833123295,163462
4802304,0.288268833123295,163462
4802305,0.288268833123295,163462
4802306,0.288268833123295,163462
4802307,0.288268833123295,163462
4802308,0.288268833123295,163462
4802309,0.288268833123295,163462
4802310,0.288268833123295,163462
4802311,0.288268833123295,163462
4802312,0.288268833123295,163462
4802313,0.288268833123295,163462
4802314,0.288268833123295,163462
4802315,0.288268833123295,163462
4802316,0.288268833123295,163462
4802317,0.288268833123295,163462
4802318,0.288268833123295,163462
4802319,0.288268833123295,163462
4802320,0.288268833123295,163462
4802321,0.288268833123295,163462
4802322,0.288268833123295,163462
4801000,0.341750158639287,1007
4802001,0.164701839317465,66927
4802002,0.164701839317465,66927
4802003,0.164701839317465,66927
4802004,0.164701839317465,66927
4802005,0.164701839317465,66927
4802006,0.164701839317465,66927
4805500,0.240053961691793,981
4806200,0.350988848437279,1203
4806400,0.511073319059873,532
4803100,0.392390898918314,5362
4802101,0.246283287044601,12242
4803301,0.294067167640783,43116
4803302,0.294067167640783,43116
4803303,0.294067167640783,43116
4803304,0.294067167640783,43116
4803305,0.294067167640783,43116
4803306,0.294067167640783,43116
4802200,0.250253732646527,1934
4804901,0.258985686517053,56590
4804902,0.258985686517053,56590
4804903,0.258985686517053,56590
4804904,0.258985686517053,56590
4804905,0.258985686517053,56590
4804701,0.268757135866906,24524
4804702,0.268757135866906,24524
4801600,0.250593119810202,6744
4805700,0.143818334735071,9512
4804200,0.252202928930335,3342
4804601,0.307220231475761,291348
4804602,0.307220231475761,291348
4804603,0.307220231475761,291348
4804604,0.307220231475761,291348
4804605,0.307220231475761,291348
4804606,0.307220231475761,291348
4804607,0.307220231475761,291348
4804608,0.307220231475761,291348
4804609,0.307220231475761,291348
4804610,0.307220231475761,291348
4804611,0.307220231475761,291348
4804612,0.307220231475761,291348
4804613,0.307220231475761,291348
4804614,0.307220231475761,291348
4804615,0.307220231475761,291348
4804616,0.307220231475761,291348
4804617,0.307220231475761,291348
4804618,0.307220231475761,291348
4804619,0.307220231475761,291348
4804620,0.307220231475761,291348
4804621,0.307220231475761,291348
4804622,0.307220231475761,291348
4804623,0.307220231475761,291348
4804624,0.307220231475761,291348
4804625,0.307220231475761,291348
4804626,0.307220231475761,291348
4804627,0.307220231475761,291348
4804628,0.307220231475761,291348
4804629,0.307220231475761,291348
4804630,0.307220231475761,291348
4804631,0.307220231475761,291348
4804632,0.307220231475761,291348
4804633,0.307220231475761,291348
4804634,0.307220231475761,291348
4804635,0.307220231475761,291348
4804636,0.307220231475761,291348
4804637,0.307220231475761,291348
4804638,0.307220231475761,291348
4801200,0.284676591528907,2329
4805400,0.148226018396846,11415
4806801,0.443760247768264,27445
4806802,0.443760247768264,27445
4806803,0.443760247768264,27445
4806804,0.443760247768264,27445
4806805,0.443760247768264,27445
4806806,0.443760247768264,27445
4806807,0.443760247768264,27445
4803900,0.322183990762756,1110
4800900,0.212478300408372,6880
4804100,0.378177162642551,552
4804301,0.26233900942173,11569
4804302,0.26233900942173,11569
4802102,0.26699362432565,10195
4801400,0.269792025738251,8703
4800501,0.202043132803632,16739
4800502,0.202043132803632,16739
4803801,0.266302601991648,12452
4803802,0.266302601991648,12452
4803000,0.248242231798594,8818
4804501,0.216457049747951,39278
4804502,0.216457049747951,39278
4804503,0.216457049747951,39278
4804504,0.216457049747951,39278
4806601,0.256868882595518,20127
4806602,0.256868882595518,20127
4806603,0.256868882595518,20127
4802400,0.217701722574796,8824
4800200,0.232212932946596,5861
4800300,0.160189481825213,10344
4801501,0.207432950191571,13050
4801502,0.207432950191571,13050
4802501,0.227712195220275,148837
4802502,0.227712195220275,148837
4802503,0.227712195220275,148837
4802504,0.227712195220275,148837
4802505,0.227712195220275,148837
4802506,0.227712195220275,148837
4802507,0.227712195220275,148837
4802508,0.227712195220275,148837
4802509,0.227712195220275,148837
4802510,0.227712195220275,148837
4802511,0.227712195220275,148837
4802512,0.227712195220275,148837
4802513,0.227712195220275,148837
4802514,0.227712195220275,148837
4802515,0.227712195220275,148837
4802516,0.227712195220275,148837
4802700,0.209645390070922,7050
4802900,0.254289570079044,5187
4805301,0.136488696239001,77054
4805302,0.136488696239001,77054
4805303,0.136488696239001,77054
4805304,0.136488696239001,77054
4805305,0.136488696239001,77054
4805306,0.136488696239001,77054
4805307,0.136488696239001,77054
4805308,0.136488696239001,77054
4805309,0.136488696239001,77054
4806301,0.379973764757324,11435
4806302,0.379973764757324,11435
4800700,0.221739130434783,7820
4805201,0.137263771612384,39792
4805202,0.137263771612384,39792
4805203,0.137263771612384,39792
4805204,0.137263771612384,39792
4921001,0.192980255901165,2024
4903001,0.190654485416549,5649
4905001,0.113390594416594,7256
4913001,0.206708814212476,1724
4911001,0.140673284655564,36567
4911002,0.140673284655564,36567
4935001,0.182023283097193,121891
4935002,0.182023283097193,121891
4935003,0.182023283097193,121891
4935004,0.182023283097193,121891
4935005,0.182023283097193,121891
4935006,0.182023283097193,121891
4935007,0.182023283097193,121891
4935008,0.182023283097193,121891
4935009,0.182023283097193,121891
4949001,0.164295739918819,52722
4949002,0.164295739918819,52722
4949003,0.164295739918819,52722
4949004,0.164295739918819,52722
4953001,0.183047546924866,18487
4957001,0.183046731168475,25529
4957002,0.183046731168475,25529
5000400,0.192893807947325,3226
5000200,0.181949757814139,2630
5000100,0.0883580751307099,12417
5000300,0.182937904726569,3019
5151125,0.210547569331772,1854
5151089,0.151026774037507,5622
5151090,0.109217604080396,6342
5151045,0.157778979897642,5947
5151105,0.274317373026074,1086
5151095,0.150358991091448,4542
5101301,0.0592487471728236,22549
5101302,0.0592487471728236,22549
5151080,0.190033849526509,3968
5151020,0.202508119190014,2048
5151010,0.318579934145883,1215
5151096,0.20352781364474,4668
5151120,0.202826074701564,18028
5151215,0.138075406026986,7757
5104101,0.199113441169576,46923
5104102,0.199113441169576,46923
5104103,0.199113441169576,46923
5151084,0.189666663671642,9448
5151087,0.173245795289537,7546
5151135,0.310838952783436,2099
5159301,0.101677678615453,162248
5159302,0.101677678615453,162248
5159303,0.101680130031156,138720
5159304,0.101677678615453,162248
5159305,0.101677678615453,162248
5159306,0.101677678615453,162248
5159307,0.101677678615453,162248
5159308,0.101618565948181,144121
5159309,0.101677678615453,162248
5151040,0.122187191246407,3877
5151224,0.196262400984388,39009
5151225,0.196262400984388,39009
5151097,0.257970895087636,2576
5151145,0.223728362049892,8838
5151206,0.107013315600565,7046
5110701,0.0952839116719243,63400
5110702,0.0952839116719243,63400
5110703,0.0952839116719243,63400
5151085,0.205102272348061,4834
5151244,0.187835130346161,86347
5151245,0.190932637831434,50097
5151246,0.187835130346161,86347
5151044,0.251506423642691,7788
5151110,0.154302822417098,4666
5151115,0.170259643027647,20651
5151255,0.072655634357762,19035
5155001,0.202806520198441,35275
5155002,0.202806520198441,35275
5151186,0.279978458592628,16712
5151175,0.244735610669162,19233
5151154,0.273201343468269,22628
5151155,0.303445201735707,15467
5151235,0.278944315545244,17240
5151164,0.185623157007883,66468
5151165,0.185623157007883,66468
5151167,0.185623157007883,66468
5310600,0.147348590674465,1487
5310701,0.169966141732505,9272
5310702,0.149025765469988,14011
5310703,0.169523643865349,7088
5310300,0.167122627251927,4797
5311900,0.147138596062421,4012
5311101,0.170976718930293,58932
5311102,0.170976718930293,58932
5311103,0.170976718930293,58932
5311104,0.170976718930293,58932
5311200,0.222931998126414,8172
5310400,0.174458529506282,2087
5310800,0.188466258308907,4156
5311300,0.248026780042118,6012
5310200,0.165410919535435,10381
5311601,0.118480185762278,246767
5311602,0.118480185762278,246767
5311603,0.118480185762278,246767
5311604,0.118480185762278,246767
5311605,0.118480185762278,246767
5311606,0.118480185762278,246767
5311607,0.118480185762278,246767
5311608,0.118480185762278,246767
5311609,0.118480185762278,246767
5311610,0.118480185762278,246767
5311611,0.118480185762278,246767
5311612,0.118480185762278,246767
5311613,0.118480185762278,246767
5311614,0.118480185762278,246767
5311615,0.118480185762278,246767
5311616,0.118480185762278,246767
5311801,0.150249479562502,30263
5311802,0.150249479562502,30263
5311000,0.217773745642627,4759
5311501,0.216588148932809,107619
5311502,0.216588148932809,107619
5311503,0.216588148932809,107619
5311504,0.216588148932809,107619
5311505,0.216588148932809,107619
5311506,0.216588148932809,107619
5311507,0.216588148932809,107619
5311701,0.161196765390077,99301
5311702,0.161196765390077,99301
5311703,0.161196765390077,99301
5311704,0.161196765390077,99301
5311705,0.161196765390077,99301
5311706,0.161196765390077,99301
5310501,0.169002283248497,47739
5310502,0.169002283248497,47739
5310503,0.169002283248497,47739
5310504,0.169002283248497,47739
5311401,0.15453155994927,30751
5311402,0.15453155994927,30751
5310100,0.136912356462852,20378
5310901,0.212131620526207,14557
5310902,0.212131620526207,14557
5400500,0.328941290000117,760
5400400,0.191844078893822,9108
5400900,0.143007665867637,2985
5400600,0.206389615644904,664
5400100,0.200122446063495,1921
5400800,0.19001505617155,4089
5401000,0.171427227584791,11315
5400200,0.206614887271848,3212
5401200,0.244940763141067,3337
5401100,0.216881357412577,1085
5401300,0.333676466932596,689
5400300,0.108461403728479,4621
5400700,0.164808744757013,5256
5501601,0.206148992753392,3366
5500100,0.240107886809752,1773
5555101,0.219950035731798,3700
5500200,0.13587818547108,28371
5500300,0.13587818547108,28371
5500700,0.223694092862253,2076
5501401,0.168426180831186,8561
5555103,0.178568222367656,7889
5501000,0.20203898736272,5722
5500101,0.0948018586377545,52942
5500102,0.0948018586377545,52942
5500103,0.0948018586377545,52942
5501001,0.204855381683532,7479
5501300,0.223144586993369,3390
5555102,0.154564567357711,8636
5500600,0.211001952649649,2546
5500800,0.180720371322109,2351
5501400,0.229134185282906,3136
5510000,0.206161848554566,19994
5501301,0.215567313415286,5523
5500900,0.143471074380165,9075
5501600,0.155539487426689,12447
5540101,0.298809266074908,92380
5540301,0.298809266074908,92380
5540701,0.298809266074908,92380
5541001,0.298809266074908,92380
5541002,0.298809266074908,92380
5541003,0.298809266074908,92380
5541004,0.298809266074908,92380
5541005,0.298809266074908,92380
5501500,0.135607108106724,19527
5520000,0.11976600167911,13339
5530000,0.205448402685712,23383
5502400,0.218029230417904,17516
5502500,0.175657770206322,10566
5550000,0.234212481426449,10768
5570101,0.110425812115891,45560
5570201,0.110425812115891,45560
5570301,0.110425812115891,45560
5501501,0.162842250314541,16691
5600300,0.165138795488173,8377
5600100,0.170999731124058,1322
5600200,0.223906704445773,1496
5600400,0.205359590874367,5847
5600500,0.242201909778594,2238
7200401,0.10591992190051,625
7200101,0.121674460230343,833
7200102,0.0996785367085896,1667
7200602,0.101401497770135,1679
7200301,0.0958855132246229,3434
7200701,0.0926311500843292,1285
7200601,0.128386077802747,660
7200801,0.0804085155350978,13904
7200802,0.0804085155350978,13904
7200201,0.10887753870259,1409
7201001,0.0721153846153846,9776
7200302,0.115011445278814,993
7200902,0.0667508803675033,3845
7200901,0.0672893072510663,13598
7200803,0.0451335392267439,6676
7201101,0.093902348883035,1992
7200501,0.105271549984628,1967
7200403,0.090232440534244,1292
7200502,0.0862855371114137,4597
7201002,0.0702809297384091,2408
7200202,0.106927269282491,1926
7201102,0.0841091794282234,2108
7200402,0.0951088829607349,5825
7200804,0.062731103276292,23258
7200805,0.062731103276292,23258
7200806,0.062731103276292,23258
7200503,0.0639228882319197,4575
